	time_arr_filter	jy_lin	jy_ext	jy_unsc
0	0.0	1.9907015799671015	2.4018526275498493	2.008528145355104
1	0.005	2.157302054849708	2.9154970666737126	1.9295941130083425
2	0.01	2.1821474448221787	3.425248645600657	1.983372509030892
3	0.015	2.3227803373280826	3.9305810861136887	1.9158072068065417
4	0.02	2.4385435513709197	4.419684926303679	2.0016187824055915
5	0.025	2.483535016498087	4.977972838959188	1.9512441354264707
6	0.03	2.7416064481700677	5.64309340959268	1.9005049711096884
7	0.035	2.815872446705079	6.156643581752498	1.8872436528319363
8	0.04	3.058944521321522	6.695354030639089	1.9246941602681051
9	0.045	3.219356646003249	7.219340161094659	1.8893225364340434
10	0.05	3.4167143036402616	7.83025562471798	1.8825973478077882
11	0.055	3.6666468608731906	8.369549079453309	1.9547559522347993
12	0.06	3.933603986394656	8.971878468758359	1.9232078690865388
13	0.065	4.232112897904331	9.451678174238266	1.8040214024842998
14	0.07	4.487221542829161	9.936630381003766	1.8237620553016436
15	0.075	4.772310757344729	10.39566668068325	1.8436711704944309
16	0.08	5.044085059032459	10.804979957857338	1.8108468310113068
17	0.085	5.3994841940038105	11.194710008608343	1.7710315160310808
18	0.09	5.681612069700208	11.613933340582518	1.8209426143102048
19	0.095	6.017789394048893	11.972826328011513	1.7895415292470747
20	0.1	6.385248662928956	12.256458774255922	1.721852262019597
21	0.105	6.744047187526027	12.534891168865682	1.7956873022848463
22	0.11	7.053030319716764	12.576805510975188	1.7860584622734983
23	0.115	7.425740358629907	12.807654519310567	1.7963855404642262
24	0.12	7.89191164651808	12.908677617647289	1.8148931909304276
25	0.125	8.21380444693459	12.886622343700441	1.7433826313019853
26	0.13	8.600623708428504	12.865356027175505	1.7404025634686977
27	0.135	8.958637352441384	12.842080555502156	1.7323460605101328
28	0.14	9.340992402030134	12.679427460809913	1.706284420486279
29	0.145	9.701783475721745	12.513922977800739	1.7965035204989621
30	0.15	10.033206037854077	12.198496476450162	1.7240460102752881
31	0.155	10.363613018734158	11.906202815179002	1.668064660910528
32	0.16	10.751319660836751	11.632780956809748	1.7205755645696095
33	0.165	11.13147208822477	11.153871994809025	1.7055712381701773
34	0.17	11.39276689994302	10.707660185653262	1.666770334443949
35	0.17500000000000002	11.743896565108495	10.21036627459689	1.714354267321311
36	0.18	12.002015747638945	9.630142159067965	1.640400036694818
37	0.185	12.24611089955663	8.988121505420281	1.6633125482804476
38	0.19	12.524890494591151	8.349178145690258	1.6654626618832897
39	0.195	12.71415835350575	7.670186426257404	1.6707905661214382
40	0.2	12.950275283519161	6.885041585456026	1.6394819036425146
41	0.20500000000000002	13.14111846519957	6.101588487903216	1.5852192244788899
42	0.21	13.288090680871589	5.286589429356881	1.5924051003907573
43	0.215	13.433565347162245	4.448774128022565	1.6520320219014157
44	0.22	13.538670661811468	3.6317104840306738	1.5586009053455832
45	0.225	13.651408078577413	2.6742816837883727	1.6144040787442353
46	0.23	13.658464714814464	1.7729564528977946	1.5621694211158217
47	0.23500000000000001	13.769172004224147	0.8026383904279311	1.5654510048941455
48	0.24	13.748982266557523	-0.10594586188083607	1.5966882275179515
49	0.245	13.724275422971253	-1.0327821131877366	1.5851122046455688
50	0.25	13.676854804379278	-1.9633600115979812	1.5593840553808604
51	0.255	13.505763332995514	-2.97356988682498	1.511236099069943
52	0.26	13.433605115689435	-3.8590904076154544	1.551924435665368
53	0.265	13.325182082672562	-4.831139870950654	1.5172091155596494
54	0.27	13.152287599311405	-5.780111598755697	1.4829637935855637
55	0.275	13.00202540704838	-6.672476860339663	1.5038272332670513
56	0.28	12.736035676162917	-7.521162416162495	1.5060258860020426
57	0.28500000000000003	12.506103553287145	-8.394629297103247	1.469247936823607
58	0.29	12.212546273404556	-9.249248546943228	1.5138711097067479
59	0.295	11.91080006844657	-10.083030262260781	1.4516021943959396
60	0.3	11.617828245603116	-10.869329864901234	1.476685221497964
61	0.305	11.248379164461575	-11.62442755465549	1.4657451546382612
62	0.31	10.87214726591903	-12.225226439367102	1.4621274257549093
63	0.315	10.460090802207331	-12.936593283850518	1.4836448262126607
64	0.32	10.144370236021162	-13.573822950783441	1.4029286654088193
65	0.325	9.650390129420233	-14.166454045912626	1.50851412668589
66	0.33	9.196987889592593	-14.690721613356395	1.426235001706277
67	0.335	8.722728653618244	-15.134236520299371	1.439773617965577
68	0.34	8.319458096876701	-15.637875407576457	1.463229948321216
69	0.34500000000000003	7.763218403218319	-15.985773761931725	1.4146381132351047
70	0.35000000000000003	7.283660127961255	-16.328849955573972	1.3730979013899605
71	0.355	6.783893897185513	-16.588731630172852	1.3620223675237264
72	0.36	6.299376576844648	-16.800810386451015	1.3665499565742403
73	0.365	5.804591918325467	-16.982888881935523	1.3966135295423976
74	0.37	5.278753934900349	-17.07626260422445	1.352685745054583
75	0.375	4.724021310929296	-17.190001869372235	1.3148086851316279
76	0.38	4.248215247498469	-17.200645509706316	1.3931743641178798
77	0.385	3.750899404366579	-17.142722165388662	1.3431317275436496
78	0.39	3.16542688507661	-17.129253977752402	1.3270064558815873
79	0.395	2.6407435947987326	-16.981920670962964	1.322957575295851
80	0.4	2.1658959293814823	-16.814496991710197	1.3387213248474734
81	0.405	1.651073600913764	-16.570003316581126	1.310576214940227
82	0.41000000000000003	1.1648962857584528	-16.222013916095136	1.3134543413886797
83	0.41500000000000004	0.6546182223709492	-15.975816503932277	1.2824525309565102
84	0.42	0.14983115184453066	-15.594262053916689	1.3470546176912956
85	0.425	-0.33305978138299036	-15.243447307964558	1.312573611669426
86	0.43	-0.7623189101813143	-14.86869946618572	1.3387601164513283
87	0.435	-1.2243002247582164	-14.46072779968115	1.239486600602461
88	0.44	-1.6355455565566335	-13.960837870275313	1.2694070023082717
89	0.445	-2.1023544628920803	-13.427273245689424	1.3041982557366232
90	0.45	-2.409480890414169	-12.956039841682284	1.1997691902747991
91	0.455	-2.8348032725101358	-12.475924786726761	1.2718739131228702
92	0.46	-3.1834413465146842	-11.923167829189724	1.2804173863620099
93	0.465	-3.5573328868344527	-11.29783535320772	1.3013430782894775
94	0.47000000000000003	-3.9332273692535553	-10.796214281330991	1.2128728815019965
95	0.47500000000000003	-4.240960376160935	-10.195026067972934	1.2707190823241645
96	0.48	-4.516671518251226	-9.60334267645673	1.2779949175490117
97	0.485	-4.768747670380766	-9.075757840643975	1.2502205342751116
98	0.49	-5.07445778121763	-8.491967888855546	1.2289487039350373
99	0.495	-5.298307228858476	-7.915550472181142	1.2107293522128562
100	0.5	-5.553454455530587	-7.369638692395583	1.2086809827893317
101	0.505	-5.694459616243169	-6.80971656130115	1.231232773905645
102	0.51	-5.926344113302417	-6.2225230534086915	1.1660327966483426
103	0.515	-6.108680572333802	-5.768259270659091	1.1433154623605835
104	0.52	-6.305516208299415	-5.182708115429993	1.1939707809982234
105	0.525	-6.405499970677468	-4.770786206935951	1.0905349995074731
106	0.53	-6.541009954284258	-4.313686632947116	1.1863593326963977
107	0.535	-6.627399765892635	-3.8371454171424273	1.1461682890406701
108	0.54	-6.79830919630733	-3.4088243880759843	1.17238707987473
109	0.545	-6.8399150317894435	-3.020228002529482	1.1616698389431537
110	0.55	-6.947619671208667	-2.639851513634527	1.1482337147252106
111	0.555	-7.046529906103487	-2.2938366556001633	1.1225264693657384
112	0.56	-7.070181902454184	-2.010101004214901	1.1507249992988304
113	0.5650000000000001	-7.118686309961867	-1.7481193706652305	1.1974312511555267
114	0.5700000000000001	-7.057715718944899	-1.5281531947059945	1.1263885387643358
115	0.5750000000000001	-7.240102368665701	-1.241523359401971	1.0353294708804512
116	0.58	-7.256752639951199	-1.1399633488051597	1.1009781230066362
117	0.585	-7.202546878867045	-0.8497288648962584	1.041414639391347
118	0.59	-7.216471917205665	-0.7797749024624218	1.1157250610016145
119	0.595	-7.2566461482954665	-0.6453297701167471	1.1539187953252619
120	0.6	-7.277192344405442	-0.572945114182142	1.087658082836055
121	0.605	-7.328184443903278	-0.5238306177082277	1.062234605031821
122	0.61	-7.331970720033393	-0.3829147781510609	1.0547087128563983
123	0.615	-7.236780757360819	-0.4479159541745784	1.1126500986277128
124	0.62	-7.331904734118216	-0.5203615394524481	1.0451797506852902
125	0.625	-7.2928569428735734	-0.5987341948844572	1.0778176402869817
126	0.63	-7.257016703559744	-0.6161923683269388	1.0746883348918468
127	0.635	-7.285318321383756	-0.6228258847116444	1.0343106517817608
128	0.64	-7.368795788565286	-0.7123036720164472	0.9995763151623557
129	0.645	-7.3259953249511005	-0.8620143850589603	1.0599060371467341
130	0.65	-7.3209040244857855	-0.9016527965890097	1.005337528598936
131	0.655	-7.390479254647122	-1.0907055528679588	1.0698321286648258
132	0.66	-7.367809965460992	-1.1731544066470911	1.0122232329662206
133	0.665	-7.35393467256099	-1.2923222883135521	0.9696595344348448
134	0.67	-7.33746383166512	-1.4263211700894687	1.010937463383501
135	0.675	-7.4455547882168025	-1.5447719082594886	1.0850589016778487
136	0.68	-7.426800531322276	-1.6502744977829227	1.012789885722891
137	0.685	-7.491132864651795	-1.838693191493386	1.0341978102501008
138	0.6900000000000001	-7.503291410215466	-2.0070359837515337	0.977826809530071
139	0.6950000000000001	-7.585792306344317	-2.063860870418154	1.0038631704144356
140	0.7000000000000001	-7.639569575332554	-2.1502341701338095	1.0076913438895432
141	0.705	-7.724881640391073	-2.2269240536597805	0.997747508954903
142	0.71	-7.760007493887841	-2.2978267144714986	0.8806493429273886
143	0.715	-7.842680283929463	-2.416514854158053	1.037046799395438
144	0.72	-7.7832130276718665	-2.458600037089627	0.9538797659348668
145	0.725	-7.927487149417843	-2.4536683171874176	1.0025860781914566
146	0.73	-8.029932304107128	-2.477095107859526	0.9252577908527805
147	0.735	-8.056498092375849	-2.4617844438903496	0.9224190451993901
148	0.74	-8.138975405173484	-2.4613662501021456	0.9146662500171923
149	0.745	-8.14538330872756	-2.383400206650984	0.8903329498979379
150	0.75	-8.205822516678046	-2.258223440135367	0.8858001832452584
151	0.755	-8.301040204824773	-2.1928013266427153	0.9021005908667444
152	0.76	-8.346677520615263	-2.0693077151857326	0.9656778087849138
153	0.765	-8.410900985312699	-1.9502988913945292	0.9678196757267366
154	0.77	-8.450592457383504	-1.7681945868333058	0.9375628198415084
155	0.775	-8.467053634286653	-1.5443285251843186	0.9399713134379231
156	0.78	-8.508178679629905	-1.3359000577728144	0.9273672242389152
157	0.785	-8.538765159651122	-1.0546607652720574	0.8741556140430746
158	0.79	-8.547175274397077	-0.8042316664762756	0.8700835703107368
159	0.795	-8.580525935315574	-0.4634093461708773	0.8524959560996404
160	0.8	-8.53291429404193	-0.1396418562106008	0.8341071866929974
161	0.805	-8.553989507997137	0.22901082740774728	0.9050895555379592
162	0.81	-8.5599012082427	0.6091185874730085	0.9052845027216606
163	0.8150000000000001	-8.527691367100127	0.9158628546052215	0.8950654273145231
164	0.8200000000000001	-8.477508066423303	1.3661670048227508	0.8374181608907505
165	0.8250000000000001	-8.398644044780681	1.7499374189464243	0.8981953056612146
166	0.8300000000000001	-8.30332779591009	2.199782790334002	0.8743456529407272
167	0.835	-8.252509890534048	2.6775412532367358	0.9126129288985515
168	0.84	-8.189698570954343	3.0982690695725084	0.8366796125095542
169	0.845	-8.056525887525375	3.6575926462575175	0.8183975694735713
170	0.85	-7.9672333351383235	4.130287221114902	0.8767485834093448
171	0.855	-7.815037261079153	4.576059647030307	0.8512857319977197
172	0.86	-7.618696167798043	5.115724437268852	0.8365202018857136
173	0.865	-7.4601115295124965	5.630769903518352	0.9019149701419706
174	0.87	-7.239825658226133	6.126534346433604	0.8244664077695348
175	0.875	-7.072108974345803	6.629886601326487	0.7942278449289562
176	0.88	-6.947996457723836	7.093211584719448	0.8109717699862087
177	0.885	-6.677300170113698	7.5325776554787645	0.7969905497952291
178	0.89	-6.399359568324484	8.039979162696191	0.8198368293127752
179	0.895	-6.187476682462632	8.50624854226167	0.7793631775506406
180	0.9	-5.905482664993211	8.916223232067203	0.8186825712857505
181	0.905	-5.641556825317501	9.415662408275905	0.7333013992404163
182	0.91	-5.318157756803974	9.885885009392325	0.8254379509255056
183	0.915	-5.094575729975997	10.21922311358797	0.788675690179953
184	0.92	-4.730069009675275	10.624794950976977	0.8064156201462527
185	0.925	-4.42335896410299	11.01320878763846	0.7706951423199392
186	0.93	-4.075215802809748	11.33435514359676	0.7602199126720264
187	0.935	-3.667435464605162	11.645509010189683	0.8006034797382234
188	0.9400000000000001	-3.3359921152770227	11.926105828249508	0.7849995945779509
189	0.9450000000000001	-2.99438879172001	12.221775337186667	0.7848522449781141
190	0.9500000000000001	-2.6091576632317572	12.42029263603996	0.8027054620863684
191	0.9550000000000001	-2.284942906012516	12.64397019593404	0.8164349046375693
192	0.96	-1.843159409032461	12.851022660741581	0.752934277842683
193	0.965	-1.488395421231321	13.009994328728537	0.7610860758555277
194	0.97	-1.0856640738770214	13.078700746113313	0.7469599709927759
195	0.975	-0.7040987335904801	13.179753679420712	0.7206480204118098
196	0.98	-0.292394813977941	13.306283382721178	0.7910225175224213
197	0.985	0.14660992684110938	13.299801367778239	0.7502491795904179
198	0.99	0.4427572940545406	13.289789742255273	0.7470956458696957
199	0.995	0.9482986944853177	13.221698157602182	0.7246908796391764
200	1.0	1.2812818439724134	13.196660801591426	0.766389144891899
201	1.0050000000000001	1.7418685736986859	13.123815462371379	0.6765013917372449
202	1.01	2.086444640198836	12.987855660060752	0.759481270073882
203	1.0150000000000001	2.488971919724444	12.845482985455687	0.7610320220167285
204	1.02	2.837952267262751	12.570941797106356	0.7141164786471877
205	1.025	3.2209353461839014	12.385941460477325	0.6730713889791551
206	1.03	3.6072922144592	12.152885530307836	0.6709858103232086
207	1.035	3.9950213988472063	11.897102579868768	0.7257755535414355
208	1.04	4.3465821301164125	11.57257802280559	0.724333150956211
209	1.045	4.578025518282898	11.254302786168175	0.7319305361874037
210	1.05	5.004008187388922	10.935800196067236	0.708369888204539
211	1.055	5.252058994656696	10.514187500261867	0.6899405863628543
212	1.06	5.567900289927401	10.185194151532647	0.732142302799872
213	1.065	5.966062821395171	9.72685259799711	0.6195779686830704
214	1.07	6.196999044098183	9.3642198429743	0.7076025283371674
215	1.075	6.472340247847103	8.902198461973022	0.6642035931869856
216	1.08	6.690276854382928	8.522083352415441	0.6445013539123925
217	1.085	6.963462748551725	8.086755152714584	0.6682626661809085
218	1.09	7.164242074360884	7.5476611680346615	0.6415717829003846
219	1.095	7.356919587784792	7.130854903665979	0.6078221204762072
220	1.1	7.565457394216861	6.711160267588172	0.6641446688579069
221	1.105	7.7957676015203266	6.2102792152644675	0.6203658226866962
222	1.11	7.971237122569118	5.69997020952447	0.6611615469297759
223	1.115	8.084590310593725	5.242738907246808	0.6690816382930548
224	1.12	8.266633654579051	4.809599053778345	0.646525972720745
225	1.125	8.36978266845315	4.287850574909131	0.6235755565833472
226	1.1300000000000001	8.478137642228983	3.8595571413674445	0.5980285746389544
227	1.135	8.60453389463018	3.3912831183133636	0.591260486156489
228	1.1400000000000001	8.702744845080455	2.9902859610927006	0.6246403512430954
229	1.145	8.746613798192111	2.4810046958684495	0.61340245641039
230	1.1500000000000001	8.836101823076127	2.0659310920868426	0.602099034109674
231	1.155	8.886970347507182	1.667994534104524	0.6141537524152028
232	1.16	8.890011685192047	1.2557904816288843	0.6287245722918151
233	1.165	8.921701756246387	0.8284914605809756	0.6245479362474015
234	1.17	8.958291876270435	0.4796129728238073	0.6402504596477872
235	1.175	8.951617282247431	0.1526742543107157	0.5924982960271228
236	1.18	8.899988662126537	-0.21269037819621295	0.6506115799691401
237	1.185	8.911165511590669	-0.526054566104611	0.6527387845746131
238	1.19	8.871312250518537	-0.7919658939301951	0.6079500629548336
239	1.195	8.85102945017427	-1.0967303494495249	0.5575634096593636
240	1.2	8.770479317078305	-1.392899489710417	0.5871178466980647
241	1.205	8.727908712775394	-1.6735394024790629	0.5925593972550955
242	1.21	8.70085954989044	-1.9605616650739812	0.6097610167217322
243	1.215	8.58964100604004	-2.2120968584986853	0.57649044554233
244	1.22	8.500261387397178	-2.346070757404424	0.5948832517484466
245	1.225	8.425179849779076	-2.553556621016951	0.5313531025709866
246	1.23	8.33830800269712	-2.7795126740747094	0.6023008282846408
247	1.235	8.216611933458147	-2.907231886540011	0.5475148287538631
248	1.24	8.186758179411646	-3.00722828390123	0.58915410699849
249	1.245	8.064909423989915	-3.1281840739986944	0.5642436304510925
250	1.25	7.963547938873923	-3.2878110850202065	0.5811451997793815
251	1.2550000000000001	7.825324130685805	-3.350524946490563	0.5745584238524273
252	1.26	7.682634152471283	-3.4245564110672677	0.5275155096128915
253	1.2650000000000001	7.636435512420817	-3.5268916403326274	0.5540088336397458
254	1.27	7.526946304418756	-3.5587153920248844	0.5432356074762112
255	1.2750000000000001	7.3641784154155	-3.614523374581395	0.5219268421424793
256	1.28	7.282657034435739	-3.634848555385726	0.5385965322967866
257	1.285	7.065013910196294	-3.6355510393033335	0.5543160815192008
258	1.29	7.01240687052214	-3.6372219819062894	0.5580514577197704
259	1.295	6.907793931468302	-3.7504289435836435	0.5725187245511171
260	1.3	6.767168718460922	-3.6578208783769424	0.5146749063656945
261	1.305	6.654918185122408	-3.7237011625947525	0.5765917451052417
262	1.31	6.485755215405401	-3.7383805085849766	0.5492701636586342
263	1.315	6.357187593226883	-3.7460670598960912	0.5196170271496489
264	1.32	6.278867175573236	-3.7176747050624233	0.4998682144871718
265	1.325	6.135296655575305	-3.7201125587100465	0.5352037012682404
266	1.33	6.026199880963824	-3.7166172950258543	0.5535380489694033
267	1.335	5.908390458535164	-3.7102629681350288	0.4964944355398177
268	1.34	5.754345179137936	-3.70310277683958	0.5307994031488221
269	1.345	5.668545646274507	-3.691514346077701	0.5211255493172158
270	1.35	5.495988808382086	-3.7726362345048323	0.5527680158594218
271	1.355	5.422518066817252	-3.7400771535592936	0.47980034368851254
272	1.36	5.26653346565686	-3.8571572332125865	0.5439365422198965
273	1.365	5.14891959290074	-3.8203393954546585	0.5215770472805074
274	1.37	5.089064574143933	-3.8238740039455923	0.4608127142187359
275	1.375	4.918135696789092	-3.8669206819399835	0.5290016172246724
276	1.3800000000000001	4.814243820888683	-4.032079410719974	0.5269593903556871
277	1.385	4.636438230272504	-4.010104238903704	0.485007319636555
278	1.3900000000000001	4.5390803728452145	-4.080793749071169	0.49543567458817417
279	1.395	4.375516371617268	-4.1365631587836855	0.4870210318589405
280	1.4000000000000001	4.288988953957645	-4.325085718206454	0.502280540818309
281	1.405	4.134766775107756	-4.42597697033901	0.4391403502070686
282	1.41	4.039052412025644	-4.44841377996601	0.46035375149859065
283	1.415	3.8762218575014273	-4.5964491294720125	0.535502456414872
284	1.42	3.7200215058997235	-4.751977186918927	0.5252272826011997
285	1.425	3.582657195310819	-4.821865805053563	0.4668013460599446
286	1.43	3.423722702549637	-5.003293714473308	0.514905208735866
287	1.435	3.280119963650946	-5.102627955446074	0.5147168917845659
288	1.44	3.123360831772919	-5.290020247171984	0.43910549746073313
289	1.445	2.977657157981066	-5.407865724569309	0.43010880214215713
290	1.45	2.778298907329543	-5.5959077159623085	0.49730855134062235
291	1.455	2.5961165766644294	-5.8397092537149975	0.49898044126305185
292	1.46	2.4291770026047064	-6.000068947975452	0.4908291690501781
293	1.465	2.210113828075152	-6.154601520218869	0.5035134854231538
294	1.47	2.0500138365430995	-6.327210192917938	0.45761026293357354
295	1.475	1.8619565732767025	-6.522140451254435	0.5338652161032883
296	1.48	1.6816112490831459	-6.700228526904278	0.4940446707604975
297	1.485	1.4752096484693695	-6.842888123121052	0.44833185564119665
298	1.49	1.2692615404411338	-7.12621581427128	0.4521601544897625
299	1.495	1.0402533814394657	-7.191765508448903	0.4910261088250976
300	1.5	0.778869625933599	-7.372693166864083	0.4287930005656355
301	1.5050000000000001	0.6032168992400992	-7.546185501318245	0.4416529851545614
302	1.51	0.37139998680730424	-7.680648427646521	0.39280938275044686
303	1.5150000000000001	0.16869754577195506	-7.848196327514513	0.4292640330070662
304	1.52	-0.11678750427060876	-8.031371659152727	0.42584910400957127
305	1.5250000000000001	-0.32384818575279645	-8.131503884549712	0.4349069407447691
306	1.53	-0.6220000530642517	-8.248873433049948	0.4186749997731738
307	1.5350000000000001	-0.7977558192407206	-8.391281697304567	0.40486794115392943
308	1.54	-1.0916547115197128	-8.468987898046915	0.41014298531441723
309	1.545	-1.314090947711612	-8.52140024279707	0.4192588511865857
310	1.55	-1.607603090086445	-8.680551986809574	0.38599309290794365
311	1.555	-1.8863126951520022	-8.68521725957533	0.4401883615641611
312	1.56	-2.0814223955596955	-8.74181407993549	0.35836248987352665
313	1.565	-2.3332132103913104	-8.808037359647352	0.4288669779977365
314	1.57	-2.6137979062205745	-8.813594042686367	0.4235046600552529
315	1.575	-2.929916774172347	-8.80013266491822	0.356724971298956
316	1.58	-3.1344647392613547	-8.803185533470032	0.4183159222802096
317	1.585	-3.3995589069634398	-8.769097478287538	0.3711182480803739
318	1.59	-3.6774774126765886	-8.776387566676146	0.39057176755946904
319	1.595	-3.977483248887758	-8.582796480214974	0.3929127096759291
320	1.6	-4.174681049589323	-8.614807487557938	0.34800024922302525
321	1.605	-4.418737881664677	-8.456724957568468	0.3807378271245418
322	1.61	-4.703668408902289	-8.311032428014988	0.4132566800528866
323	1.615	-4.878574683381529	-8.324130497195586	0.3874683466611306
324	1.62	-5.1543689099793575	-8.15199794707973	0.3244934658550995
325	1.625	-5.414830606721234	-7.894135571102873	0.37128032641923797
326	1.6300000000000001	-5.694926379088828	-7.72295414130072	0.42292530265709033
327	1.635	-5.808020592990471	-7.509981421655848	0.36126583155317116
328	1.6400000000000001	-6.084080648543354	-7.285965896073367	0.3976640847645907
329	1.645	-6.239267688604724	-7.021330010260017	0.3670953787340508
330	1.6500000000000001	-6.487710092134624	-6.784238237889063	0.37441282533826153
331	1.655	-6.708179962562842	-6.529752756511981	0.3035236906700659
332	1.6600000000000001	-6.888031784860284	-6.26274274513817	0.3339667557711423
333	1.665	-7.048364426366803	-5.912003238168058	0.3648971644083868
334	1.67	-7.180952908666838	-5.680459096741196	0.42914160103290183
335	1.675	-7.312313734565735	-5.339671654168188	0.32343004200338354
336	1.68	-7.469276119044068	-5.042587244134826	0.3856597823868745
337	1.685	-7.603166758055468	-4.612957227974708	0.3512736551316614
338	1.69	-7.767425296119243	-4.277283022946183	0.3641186849889559
339	1.695	-7.856945109157824	-3.947542570674545	0.3446942496569071
340	1.7	-7.968091570069218	-3.589861812140492	0.39015950006633265
341	1.705	-8.06412670474899	-3.2538655086463404	0.3884773929464887
342	1.71	-8.080614146566809	-2.893302339783094	0.3294560542099363
343	1.715	-8.219954081420527	-2.4589578681898807	0.36577272919852777
344	1.72	-8.280959118811868	-2.1022387160352434	0.3266999562428028
345	1.725	-8.342699127316356	-1.7306001272624272	0.3139179308793057
346	1.73	-8.386336221907845	-1.3713651042803676	0.32295604220434077
347	1.735	-8.349896195164542	-1.05804536948769	0.3240689134762083
348	1.74	-8.496315726190817	-0.6261221206396211	0.3694544087017414
349	1.745	-8.392481800049268	-0.18652475919936326	0.30582238377571247
350	1.75	-8.400975061959016	0.08889885576629941	0.3772415099377895
351	1.7550000000000001	-8.371870677368799	0.5220777870260886	0.29454773362226316
352	1.76	-8.389862159354186	0.891603918664821	0.3415536566215303
353	1.7650000000000001	-8.264463668564654	1.117976007258286	0.32531887575327145
354	1.77	-8.28873476692632	1.5726783258478303	0.3590196418940722
355	1.7750000000000001	-8.215526506002314	1.864944680365352	0.3660852454694268
356	1.78	-8.155505984574646	2.177313923774998	0.3055508777288242
357	1.7850000000000001	-8.082486014809447	2.568839054781508	0.3449183043290918
358	1.79	-7.989670410868534	2.823715447006812	0.36478042672773303
359	1.795	-7.911045900843048	3.139905257135355	0.2915384720349365
360	1.8	-7.760976122769893	3.4472031591135464	0.3207425565871632
361	1.805	-7.65914394174009	3.719357605802062	0.359346133666187
362	1.81	-7.530616740394872	3.992429598014921	0.3482676267260471
363	1.815	-7.435026615520684	4.219623309021401	0.34873357693858326
364	1.82	-7.27676539916788	4.427266785611926	0.3485597850856815
365	1.825	-7.085574751269554	4.702216912028675	0.26436205023079723
366	1.83	-6.9510544819356745	4.853968971489664	0.3472066585087007
367	1.835	-6.8593994617163805	5.046754604399316	0.2865913586697809
368	1.84	-6.6141577976014805	5.251455384643282	0.32499011294258184
369	1.845	-6.4904467918128335	5.4089290140648405	0.3353644211322889
370	1.85	-6.280003947559388	5.55589991724136	0.2698929452050543
371	1.855	-6.154025847562375	5.744360996851304	0.3261007233874532
372	1.86	-5.968017629101014	5.828507881599834	0.2777560070948389
373	1.865	-5.773404223545118	6.021311084948707	0.3061578013110542
374	1.87	-5.5845988496774845	5.982596786685603	0.27046929984039536
375	1.875	-5.368448885223664	6.207715862867866	0.29186064404355694
376	1.8800000000000001	-5.138056544492804	6.293180770535483	0.3327362029318767
377	1.885	-4.990610021688315	6.289903252299492	0.285901604908065
378	1.8900000000000001	-4.8222332030017805	6.395829013788167	0.3304818318377768
379	1.895	-4.65709010265974	6.3722722806989385	0.30835004540373
380	1.9000000000000001	-4.418381341814596	6.442968452131295	0.27223640877459715
381	1.905	-4.19808475247492	6.518503133561262	0.33906673625114664
382	1.9100000000000001	-4.036379942658525	6.52736235348795	0.29676811343925613
383	1.915	-3.824105112901987	6.586247914475603	0.2624777394599988
384	1.92	-3.5893368369130285	6.555371829979572	0.28295693922331905
385	1.925	-3.3926133315524605	6.588937936129126	0.26580868971307603
386	1.93	-3.1643068655117577	6.531863895071365	0.32314819097679454
387	1.935	-2.9481804329717267	6.493131974337827	0.29506218157531017
388	1.94	-2.726976083634838	6.452985894909895	0.2951029676035422
389	1.945	-2.538435864900007	6.448879306981582	0.2321257341686893
390	1.95	-2.3592075944494044	6.447706143518292	0.31551042060048723
391	1.955	-2.198904010155679	6.41428275079066	0.27117877392533785
392	1.96	-1.9997378188193955	6.3414521427926145	0.28938803316765366
393	1.965	-1.8242755640312114	6.3505556221660235	0.2604734571474132
394	1.97	-1.5989257123863614	6.289243326399894	0.3044943698762932
395	1.975	-1.4612348280764604	6.23970968542897	0.24561010941605618
396	1.98	-1.1723145456929522	6.151084765582039	0.23369668033465965
397	1.985	-1.0828041715419492	6.209960345756116	0.24645432229340522
398	1.99	-0.821898059341196	6.078097918052262	0.24587394494083617
399	1.995	-0.6655850902221889	6.019401464403149	0.2758674305574685
400	2.0	-0.4573191511638195	5.983963808183317	0.26415689317086144
401	2.005	-0.3118965468576569	5.97410461154623	0.3270608275000535
402	2.0100000000000002	-0.14949346766379693	5.8748441046381	0.25874455997242657
403	2.015	0.01161909953910193	5.828304171169937	0.2688413556372764
404	2.02	0.2329194022370063	5.818958976834933	0.26762456463358036
405	2.025	0.4391573512478218	5.754633260764624	0.28671152050576226
406	2.0300000000000002	0.5797677887832432	5.6744669817762645	0.2714094540103383
407	2.035	0.764312956142951	5.732196512722634	0.28358297650083136
408	2.04	0.9811422751307037	5.640647571464477	0.23617504815980697
409	2.045	1.1085153703044026	5.652225080451403	0.20089664830585413
410	2.05	1.2170856602012403	5.653602628058983	0.26728908381693234
411	2.055	1.442952282484533	5.603476585259847	0.2583771552897462
412	2.06	1.607535401382584	5.57646986670461	0.27991228034258003
413	2.065	1.7483799205032364	5.527467420016658	0.28036780907671904
414	2.07	1.889684863825179	5.449336605585839	0.26407859264666667
415	2.075	2.0555243649945325	5.4411342412591654	0.25901567033325934
416	2.08	2.1832101256176792	5.441874814227427	0.21680282879470372
417	2.085	2.3996126248646465	5.3873743265071345	0.27558840462566914
418	2.09	2.5847889075031825	5.359306973852126	0.2768169349884275
419	2.095	2.6700797327889862	5.357937925550938	0.22305250704429486
420	2.1	2.8610937539331798	5.414849971149253	0.2533939241194908
421	2.105	3.0090644224349616	5.377840969432356	0.23079324219218353
422	2.11	3.1268662202214164	5.325707868740319	0.23497629503098222
423	2.115	3.3093307222842534	5.174900919062388	0.2703483998347831
424	2.12	3.527785917436034	5.233821580457056	0.2158656754437686
425	2.125	3.6667830578825535	5.195326694528384	0.2007544150255855
426	2.13	3.783892901109272	5.155692955940622	0.16583026407226592
427	2.1350000000000002	3.9712491899869002	5.1681304226142695	0.2401650453067293
428	2.14	4.0634582641954164	5.069013579371304	0.2055241418708052
429	2.145	4.20410424342643	5.035998741768959	0.2572307062220168
430	2.15	4.340448497245345	5.0184013994443175	0.23768302454064807
431	2.1550000000000002	4.433631919560523	4.922711190775945	0.2056949848259035
432	2.16	4.656110313849685	4.85592193000227	0.28099931530397226
433	2.165	4.801603471053193	4.786505508443397	0.256073088760188
434	2.17	4.93711968110032	4.772359876726904	0.19085972110870147
435	2.1750000000000003	5.042919653785519	4.611150900758752	0.22440060617238505
436	2.18	5.201225658296328	4.614072641110532	0.2542548725125128
437	2.185	5.3323448314801105	4.454151991421468	0.21163999600809466
438	2.19	5.476837538372865	4.358393247547916	0.21312674981559346
439	2.195	5.517396835746796	4.23782444659735	0.22241127778832978
440	2.2	5.638284964287906	4.1523995555282065	0.20842896428633007
441	2.205	5.7903010089504034	3.994366736315881	0.24394058196648583
442	2.21	5.927173102642415	3.9056610226274144	0.22255417314516301
443	2.215	6.048686147130684	3.66702575499906	0.1955512467930684
444	2.22	6.107618330220289	3.588543880098162	0.23934866275339564
445	2.225	6.226754320836579	3.4018791300658364	0.18059823822278592
446	2.23	6.291321900753531	3.236763834563791	0.20637117168170924
447	2.235	6.3647265014489305	3.0578517758336647	0.16675889276177774
448	2.24	6.484069892078396	2.8932561636319933	0.15766657804088524
449	2.245	6.512110177766726	2.7413304304657395	0.2471376972379504
450	2.25	6.570673882101728	2.447441708200854	0.23199503754311196
451	2.255	6.708027872725338	2.2332760810643024	0.2040788843147701
452	2.2600000000000002	6.8258726724470105	2.0275001238536965	0.16272251160672385
453	2.265	6.804152524741145	1.842533767899618	0.21295718089563903
454	2.27	6.850195667038872	1.6646614505677908	0.17340029042072033
455	2.275	6.846035766944752	1.3910664676291802	0.1468149858839957
456	2.2800000000000002	6.875681264360497	1.142300635439465	0.1987842896810257
457	2.285	6.908296472095805	0.8617599880573588	0.12600656277824263
458	2.29	6.950320245827714	0.659240571656488	0.1850211304633446
459	2.295	6.979033452424177	0.39289265472152946	0.21727087900484104
460	2.3000000000000003	6.944895294665781	0.0910810516958317	0.23257650715060432
461	2.305	6.963754114201612	-0.12285571595745728	0.19605406524598448
462	2.31	6.939332279368484	-0.38041812831939464	0.24904317302533335
463	2.315	6.8750731690608875	-0.6632257585547848	0.2404408084901634
464	2.32	6.811182279425761	-0.9453613964366187	0.17747403846647977
465	2.325	6.798916575355641	-1.1269618699141672	0.17819804503999664
466	2.33	6.783556988854812	-1.461667513189926	0.21315439551196796
467	2.335	6.720463059450892	-1.715472511465098	0.1982312921392216
468	2.34	6.670392643647522	-1.887030470382284	0.21916462596755376
469	2.345	6.571549271605497	-2.2441224047927615	0.14195283911764064
470	2.35	6.479077856506078	-2.5268641659882785	0.2161779005337059
471	2.355	6.366558285504469	-2.7811711608750693	0.1936227962901649
472	2.36	6.295978584252401	-2.967134074624069	0.18161076834944712
473	2.365	6.217125758440493	-3.211863799541968	0.19861943783099228
474	2.37	6.089332247093527	-3.444106970633628	0.18151294914101207
475	2.375	6.026187864669477	-3.7412433776680825	0.21493790557610135
476	2.38	5.8469007077769355	-3.9896274525950806	0.25223124004292796
477	2.3850000000000002	5.71265288117809	-4.19190570203891	0.1728490687129562
478	2.39	5.581319494460103	-4.426207975620757	0.14796346286900625
479	2.395	5.489932310091063	-4.668448790906731	0.14875516187903415
480	2.4	5.35752018690173	-4.847690859932159	0.13683693119945614
481	2.4050000000000002	5.171289238135937	-5.114986296139091	0.1648728260008662
482	2.41	4.9686545836781635	-5.198497717347921	0.1315846534554394
483	2.415	4.8705972433233615	-5.404749969083036	0.18004497384047743
484	2.42	4.707039650572095	-5.539812621729463	0.24566488821472454
485	2.4250000000000003	4.544103556153493	-5.737980984909177	0.15479303030601388
486	2.43	4.310916816935768	-5.884573539668072	0.2086141348552678
487	2.435	4.135980299207428	-6.036806516571292	0.16281755610657322
488	2.44	3.953034133755823	-6.187600841039471	0.19473849972445204
489	2.445	3.8491449024547646	-6.274954829717328	0.10776301027652051
490	2.45	3.573303062054447	-6.45966284938566	0.2198761669869252
491	2.455	3.396564864105575	-6.506059165853335	0.07002599620403374
492	2.46	3.107682204999586	-6.661852156984901	0.1869859692684589
493	2.465	2.996949491803942	-6.753266925413582	0.13276763200820618
494	2.47	2.7545945948756243	-6.753359714398211	0.17451603588940476
495	2.475	2.5540075282646093	-6.884402281765896	0.13065783287912314
496	2.48	2.34610060002598	-6.882149412210572	0.18935603657030958
497	2.485	2.133618654059161	-6.950077833180352	0.1536080176569704
498	2.49	1.919117081834443	-6.955203020457512	0.16855524801201285
499	2.495	1.6678839495658204	-6.962614129316705	0.1486540288356574
500	2.5	1.5228806029248436	-6.913236337618534	0.08421278403204926
501	2.505	1.3063528447643855	-6.923056901630103	0.17128591584865963
502	2.5100000000000002	1.0359933482867647	-6.924197064948477	0.18497540578728475
503	2.515	0.8612670302983307	-6.9188554423676365	0.18685414836898137
504	2.52	0.6561644162851586	-6.91146953859337	0.17210282160148524
505	2.525	0.5072676446581845	-6.9087274061000175	0.14192712732224502
506	2.5300000000000002	0.2493812785066939	-6.798178418195457	0.19517183677517683
507	2.535	0.053880795170731535	-6.8059605706597175	0.12293073351317474
508	2.54	-0.14341105267243304	-6.675067499242783	0.09606916593571502
509	2.545	-0.37640320259426535	-6.656732278651327	0.2003661814892938
510	2.5500000000000003	-0.5630194326058775	-6.598716804014966	0.19517669423183437
511	2.555	-0.7533018310935239	-6.465514165054051	0.15732208030984013
512	2.56	-0.9344128263932265	-6.326470026107414	0.1788503099009979
513	2.565	-1.0920451840322205	-6.2812373130196315	0.14529661750860323
514	2.57	-1.358464323190041	-6.1815833617865	0.16931131469472438
515	2.575	-1.5342980298504045	-6.07411016048411	0.14953140522099626
516	2.58	-1.7400284852167227	-5.99195083519444	0.1371481699256892
517	2.585	-1.8988902614561627	-5.898163348031685	0.20070625337995873
518	2.59	-2.0498679345525104	-5.822043449791711	0.16917459755404815
519	2.595	-2.2069540076357823	-5.668850025859677	0.14940342108446902
520	2.6	-2.4073938264804293	-5.5122563743809545	0.158848696830049
521	2.605	-2.5632294794440993	-5.394961741696994	0.16528103117744825
522	2.61	-2.71936698258681	-5.3231341199695885	0.14968231336995338
523	2.615	-2.898469468628594	-5.157102870809365	0.14563163545431543
524	2.62	-3.044576599308982	-5.01233752237256	0.1676577287319206
525	2.625	-3.140337820819809	-4.950453062522694	0.08806167093227643
526	2.63	-3.319120449074982	-4.731431016772675	0.18795405774219734
527	2.6350000000000002	-3.473857537359278	-4.62365346804264	0.18471285587485387
528	2.64	-3.5442818102622193	-4.471057574338392	0.12509594628262377
529	2.645	-3.7045901782697443	-4.368651419187426	0.12237726499621353
530	2.65	-3.7783863252306027	-4.301358900881793	0.128790699713689
531	2.6550000000000002	-3.969076478490064	-4.106762531944319	0.15107085060343153
532	2.66	-4.069013986647719	-3.9420416045377684	0.14343036754030686
533	2.665	-4.170510220128306	-3.787483826245721	0.10651033931725197
534	2.67	-4.295512733654496	-3.6666455025784086	0.15104674881831853
535	2.6750000000000003	-4.3882901087241795	-3.563897622193444	0.12441340555922349
536	2.68	-4.494517838600353	-3.4708630159055796	0.11409033899990555
537	2.685	-4.540203321336718	-3.2926159583570342	0.15731663579728025
538	2.69	-4.636480639447569	-3.1504633356438796	0.16536786549780338
539	2.695	-4.730326562900383	-3.100869427472379	0.11623806686884632
540	2.7	-4.816346696586533	-2.895591762246719	0.09560009462278385
541	2.705	-4.898046254127617	-2.870545624984158	0.14846906108484456
542	2.71	-5.039381723546254	-2.666716829308514	0.12106132751656028
543	2.715	-5.021449574885934	-2.5769079008449074	0.11232808690889198
544	2.72	-5.106101537905013	-2.4140096382137197	0.14822363911984027
545	2.725	-5.181107513548222	-2.3677717845526125	0.10710206759143873
546	2.73	-5.224862095368233	-2.2008406193466175	0.058732162084710646
547	2.735	-5.297491569352454	-2.082329179538841	0.12120577163428756
548	2.74	-5.377924633489158	-1.8982595498219494	0.136895610094691
549	2.745	-5.440543623773455	-1.8511100334652177	0.14375944706020238
550	2.75	-5.4756375926256755	-1.7179533089572079	0.13907934373922992
551	2.755	-5.486082839028455	-1.5601489309019962	0.11612731303050942
552	2.7600000000000002	-5.606160254855988	-1.451595070848103	0.08600876837772689
553	2.765	-5.57398111143714	-1.2781070434744475	0.09924836757420794
554	2.77	-5.642101999859729	-1.2486329936405247	0.1218714716588687
555	2.775	-5.629929497315753	-1.06328947211604	0.10946782374396191
556	2.7800000000000002	-5.6511274339744295	-0.9057287842344778	0.16252484862615066
557	2.785	-5.594010034942789	-0.7520857545558609	0.07128178712408653
558	2.79	-5.664159255443288	-0.6276576140362522	0.1405395283536261
559	2.795	-5.690680044225913	-0.5420952305994521	0.12225773978412509
560	2.8000000000000003	-5.697412071591764	-0.4386106019788548	0.10780017182847473
561	2.805	-5.743964347684316	-0.25525514222893164	0.17321746900246704
562	2.81	-5.707862967599369	-0.16918144590758818	0.07368684510780052
563	2.815	-5.700955353509963	-0.01530174125810186	0.21348837393132492
564	2.82	-5.728827062360347	0.2337781266570068	0.10785654352793857
565	2.825	-5.631508678360604	0.195722987503197	0.15901500409825056
566	2.83	-5.6419583366874155	0.44507422857138423	0.15516349522596282
567	2.835	-5.650218539246658	0.5584137021441342	0.11104083501222865
568	2.84	-5.6220164100001755	0.7416499721063926	0.09803059916815919
569	2.845	-5.585957127235262	0.8626930802212639	0.1350598984483869
570	2.85	-5.543196541200059	0.9814297020174514	0.07043367017517835
571	2.855	-5.4876285603272965	1.1252903806461818	0.1182565199454696
572	2.86	-5.439066203912893	1.3130566356785671	0.1691166038143161
573	2.865	-5.418986157655373	1.44927025507633	0.1266796445325046
574	2.87	-5.373054469938138	1.6157009239736695	0.0873738952195863
575	2.875	-5.385488197109518	1.7534025511011606	0.06553395532410741
576	2.88	-5.253773881681356	1.8932836970364986	0.08182386086896726
577	2.8850000000000002	-5.155484597170298	2.13654637031002	0.06940463664357953
578	2.89	-5.045922885118096	2.239847672289125	0.12073775812496589
579	2.895	-5.031148972089692	2.3831326445270693	0.14610766814073115
580	2.9	-4.964106188086167	2.5717641227722763	0.08328647862251223
581	2.9050000000000002	-4.866864012747214	2.793378929776989	0.07578427560186381
582	2.91	-4.772706464570454	2.886156552310376	0.06721569132153732
583	2.915	-4.641741974322647	3.0367517650816866	0.12594256889007527
584	2.92	-4.639336465473308	3.2033320777295216	0.08853576794110933
585	2.9250000000000003	-4.482845449995912	3.3898879130649546	0.1284547128689666
586	2.93	-4.356616766551082	3.5002642252795613	0.031817947693521004
587	2.935	-4.226595064585725	3.663035245123248	0.1148051905863736
588	2.94	-4.1132909825623845	3.823682656132278	0.12672460393513973
589	2.945	-4.034720979062431	3.9132957675646725	0.12423508234574941
590	2.95	-3.85898197799501	4.058881866402425	0.17099393430391469
591	2.955	-3.8023099954809276	4.275147403254215	0.1475707333364998
592	2.96	-3.6684540681594004	4.3782571588824375	0.09271693864928122
593	2.965	-3.5248441453468584	4.526948451961257	0.12359431367786693
594	2.97	-3.331837883720746	4.6553565830544965	0.0951278410992386
595	2.975	-3.1641139671049476	4.749898357156478	0.14327364247866953
596	2.98	-3.102608860556513	4.925313192683094	0.12135813283698837
597	2.985	-2.9201393599349124	5.013494507182954	0.022809301244315544
598	2.99	-2.7701377075175526	5.075215422690188	0.058583504972864825
599	2.995	-2.5914141796299717	5.248471584710877	0.058180610074566146
600	3.0	-2.410468922662912	5.348518488699788	0.1402909056446553
601	3.005	-2.2559552937386362	5.4758630916646895	0.03287693029305537
602	3.0100000000000002	-2.063199237359243	5.571785679688379	0.11181787578932602
603	3.015	-1.9283243045742928	5.585590090664535	0.09680053400491054
604	3.02	-1.7319491543880356	5.687708886760187	0.07954562020979537
605	3.025	-1.5713746832051774	5.746203997222639	0.059385912262293
606	3.0300000000000002	-1.3962933609573054	5.784754212033345	0.07425989217910466
607	3.035	-1.229668780897253	5.917978728843803	0.09071125442490748
608	3.04	-1.0206532864515854	5.8872341730135656	0.105404081895569
609	3.045	-0.8967824727846521	5.953976653820111	0.09045870447446422
610	3.0500000000000003	-0.7414704530644711	6.064473378835293	0.04810455704272829
611	3.055	-0.5256474932069629	5.980844432167764	0.13252777550992378
612	3.06	-0.38686805697746673	6.057038787883208	0.11859877263157842
613	3.065	-0.1925890793109355	6.057805961522966	0.07292424640243886
614	3.0700000000000003	0.012048950030371607	6.048142316591212	0.06827751062031846
615	3.075	0.2005347215228907	6.104205771377775	0.1047794498763071
616	3.08	0.43324902274218974	6.1308304697234375	0.155512927669681
617	3.085	0.5875728584528163	6.0343271364275	0.12549126831346777
618	3.09	0.8051914346046473	5.997922739461603	0.0332569352698119
619	3.095	0.9828340088786551	5.972434255636761	0.06438205756699295
620	3.1	1.1224708435439006	5.979304792144936	0.10963327716025188
621	3.105	1.347820060243523	5.936954384080807	0.11129401529701488
622	3.11	1.4882690756797263	5.863550549971672	0.071290404057882
623	3.115	1.6275798108680408	5.77181652326921	0.08429112276617928
624	3.12	1.74439414132361	5.678761156504971	0.11772095285007844
625	3.125	1.99048280205012	5.608891520280892	0.011167584604593536
626	3.13	2.15161113131396	5.445268476891796	0.06506872147036319
627	3.1350000000000002	2.2674282077863537	5.375709694181005	0.06399734520036145
628	3.14	2.414352413524502	5.358629105475474	0.10939611199021693
629	3.145	2.6844383579777666	5.252102163722117	0.07414242598722486
630	3.15	2.7445995588737944	5.113432098187672	0.1313629250664138
631	3.1550000000000002	2.833411016296684	5.0093608155162626	0.05409464713923879
632	3.16	2.9727874240395833	4.845024308099426	0.06118281028173307
633	3.165	3.2086922369568827	4.745006683808569	0.10424988230259384
634	3.17	3.3344519019059966	4.633477252368729	0.09114102122263135
635	3.1750000000000003	3.5108178074001026	4.4568780550560705	0.06079877900059748
636	3.18	3.569848237060831	4.346864639115669	0.08216544602552675
637	3.185	3.689298004749198	4.260049348173665	0.10249448112881522
638	3.19	3.826305369902976	4.055419384162564	0.1376950551293819
639	3.1950000000000003	3.970719149282492	3.9096383828814956	0.07297636880892727
640	3.2	4.073847504327662	3.7314916549451747	0.054111778372925634
641	3.205	4.199685475954618	3.563358235485897	0.11332949325360978
642	3.21	4.305013813952612	3.4360135244944052	0.08609950045837284
643	3.215	4.439104054241497	3.270796720530242	0.06870813946653126
644	3.22	4.457057061318665	3.130737067139632	0.14299687091075877
645	3.225	4.54986796977278	2.9125136797823874	0.08210771165370312
646	3.23	4.614025778807366	2.768021434673724	0.06358514127407612
647	3.235	4.711196866021265	2.6226468088031143	0.08212321525912371
648	3.24	4.773962948909206	2.4704687411968007	0.05230908674218618
649	3.245	4.861792928748979	2.2555352304403162	0.055900907627844464
650	3.25	4.896489526430532	2.138375417494607	0.08801694714398481
651	3.255	4.963434758669294	1.951391765702492	0.04771921892288733
652	3.2600000000000002	5.046629685036842	1.794095183830787	0.0700992346837015
653	3.265	5.107165664162914	1.6386748027209463	0.10480064455126224
654	3.27	5.078575430236399	1.455708615589613	0.02117612330353543
655	3.275	5.130258076163385	1.2747301846704686	0.15545315094906437
656	3.2800000000000002	5.143681482122968	1.0788961887891482	0.08454719526021028
657	3.285	5.180050696259402	0.9553601522423614	0.11703095461891333
658	3.29	5.148459797982931	0.7709492898432272	0.08501169320437435
659	3.295	5.21762493144787	0.5853253950679235	0.04925092599757405
660	3.3000000000000003	5.254963164185205	0.44130333104819086	0.06980465005418753
661	3.305	5.234648083322015	0.32718734797102117	0.1685974969625141
662	3.31	5.226402454729753	0.19113195297208468	0.11404296415883486
663	3.315	5.194896582550464	0.00028162592318874136	0.09714229696336878
664	3.3200000000000003	5.229348983266312	-0.10953601739153188	-0.010990292120214212
665	3.325	5.216483333333296	-0.2339393239396971	0.05542709115309799
666	3.33	5.14487362989836	-0.44455572329723947	0.057768437677547885
667	3.335	5.158993300757397	-0.5726715673754867	0.047109236117046746
668	3.34	5.132433351671513	-0.749567758397004	0.01741737131608128
669	3.345	5.088435388395949	-0.8167913818222111	0.09434992046970775
670	3.35	5.074653936439461	-0.9991571247514611	0.07497760410235713
671	3.355	5.07902184943475	-1.0372431333395387	0.06713147220318755
672	3.36	4.925221974979435	-1.2808120958496996	0.10820646947758158
673	3.365	4.967792007388492	-1.378282516052683	0.07821739736845389
674	3.37	4.916773531808384	-1.4360112354397172	0.10279668841057057
675	3.375	4.811489421506072	-1.576397822579975	0.06908260508877977
676	3.38	4.769110266601831	-1.6999682295706113	0.08114355887070411
677	3.3850000000000002	4.7253166360544	-1.8199329764686314	0.031219604475612138
678	3.39	4.63276165925678	-1.96504706359555	0.01882371623171175
679	3.395	4.604696009521944	-2.1067367045356824	0.05855474553330215
680	3.4	4.527318436496465	-2.1996772613307987	0.059099523357411886
681	3.4050000000000002	4.491793677517187	-2.3329541250388623	0.1171552720734371
682	3.41	4.368040153469842	-2.4330582451798084	0.05864945332715043
683	3.415	4.299525761305439	-2.5411392006246114	0.023574838571874902
684	3.42	4.276343381206503	-2.626410036322583	0.011736363772228843
685	3.4250000000000003	4.154106488727368	-2.7642533693423355	0.04681353384308672
686	3.43	4.029943283353598	-2.8611876773070595	0.010965921700005536
687	3.435	3.9521804954843036	-2.8798081989827216	0.07390935985514198
688	3.44	3.8461689991804864	-2.9769869756201284	0.015970119368376175
689	3.4450000000000003	3.7548959028736038	-3.083037796291185	0.12244316699570564
690	3.45	3.6572719019845494	-3.158097861885134	0.07862357781346832
691	3.455	3.5249301012508294	-3.3155705768229162	0.04630974912040819
692	3.46	3.4608256858717357	-3.357762629045554	0.06275364069600955
693	3.465	3.323413382073734	-3.448135232326013	0.02587880227791036
694	3.47	3.2108623510270746	-3.545267039707582	0.09864483190175109
695	3.475	3.1379052723928784	-3.6401209834732855	0.015234304712204182
696	3.48	3.0710509221965405	-3.6745572962684485	0.06250823915123749
697	3.485	2.874841791217303	-3.7963725157386516	0.040918546492052774
698	3.49	2.7794536128569907	-3.8503130764090034	0.03217816224716245
699	3.495	2.7093569950677434	-3.9614069505707246	0.05934627995669255
700	3.5	2.5107700005014153	-3.9906108417237585	0.10440311209220368
701	3.505	2.3948011777016256	-4.024632129746934	0.04611406316602963
702	3.5100000000000002	2.3126566501500943	-4.139219641887013	0.05432856320979144
703	3.515	2.208015356593192	-4.191615008547024	0.1215831177228503
704	3.52	2.014116000147892	-4.270450385289534	0.03462729330779225
705	3.525	1.951340697582917	-4.295650848922401	0.020913056577701802
706	3.5300000000000002	1.7806277657973126	-4.332585015690003	0.0416808392153976
707	3.535	1.6368489257658174	-4.428636141240544	0.02194767492454093
708	3.54	1.4350101955569126	-4.4791632174949525	0.057475643342291854
709	3.545	1.3762585526587359	-4.500085504875076	0.0755862889815456
710	3.5500000000000003	1.2054260858341272	-4.573459918361857	0.04960742051419144
711	3.555	1.1209970836827865	-4.64039880145731	0.036882822105718804
712	3.56	0.9011088293799628	-4.6598354425573145	0.09432002494555335
713	3.565	0.7933262360620352	-4.713579137002636	0.04481529579512579
714	3.5700000000000003	0.6429347177561123	-4.736620189083306	0.03491024778107907
715	3.575	0.5083009884841393	-4.775729013498217	0.06427833859054184
716	3.58	0.3963905478788291	-4.780657852016341	-0.028421703946107317
717	3.585	0.24513424585908677	-4.7721793760803415	0.03080775362472328
718	3.59	0.10943491955566029	-4.850820259514858	0.098212861335022
719	3.595	-0.05083157339802201	-4.823310965383142	0.0413474427826605
720	3.6	-0.1669930964808042	-4.846825725277356	0.07496483827854289
721	3.605	-0.35653076543007195	-4.813331663950272	0.004559647126138572
722	3.61	-0.46276934019524163	-4.842923535681512	0.10328011621028985
723	3.615	-0.5747782392807649	-4.852818808892992	0.09097817184962678
724	3.62	-0.7674237860543776	-4.8267666832943465	0.014281993068407266
725	3.625	-0.9472461858031547	-4.778589925560393	0.06492905958066111
726	3.63	-1.091242650420834	-4.8280907271105615	0.05980343528486217
727	3.6350000000000002	-1.1653489396383518	-4.828918918593477	0.03008298930386098
728	3.64	-1.3183840716263007	-4.762595331210258	0.07081040551440236
729	3.645	-1.5413222452495965	-4.748154566742898	0.07276936393362461
730	3.65	-1.6689159724113307	-4.653351078744137	0.01900399059212779
731	3.6550000000000002	-1.7835629087448024	-4.637864094292707	0.07144841795373659
732	3.66	-1.914788652026906	-4.629350445904078	0.028545146830159105
733	3.665	-2.089761524179094	-4.586545795219573	0.03410071628158766
734	3.67	-2.1776860114103225	-4.440047880935302	0.12985070544897395
735	3.6750000000000003	-2.2939081508855144	-4.506358210431962	0.08481327812583375
736	3.68	-2.42086366479976	-4.317349990624194	0.013282209246362794
737	3.685	-2.5663446934284626	-4.260407132264837	0.0698850829511033
738	3.69	-2.675700555177784	-4.252329314133445	0.028405389947135495
739	3.6950000000000003	-2.7506248249650422	-4.186291722093534	0.06801727522498963
740	3.7	-2.886574088327022	-4.045691356971405	0.06319252815857913
741	3.705	-2.9885778234337272	-3.9448218060877083	0.027048104652292012
742	3.71	-3.144250605277207	-3.8597184740152453	0.0935876316757247
743	3.715	-3.251753829093787	-3.7675833507064884	0.0012531572731660084
744	3.72	-3.3812084110509724	-3.6389333610785464	0.037920418279703993
745	3.725	-3.4603590779345987	-3.5580515544279505	0.006328538738513488
746	3.73	-3.57943599286944	-3.371959033279034	0.04193557282356419
747	3.735	-3.683601339519923	-3.2596538162428135	0.07735984024798055
748	3.74	-3.7053035841373654	-3.1657448156073267	0.00012625961280773174
749	3.745	-3.853222081331822	-3.081904206280948	0.046412949272186
750	3.75	-3.9466906744327632	-2.931035904120875	5.3229059684321844e-05
751	3.755	-3.9915929527758673	-2.7126196706176557	0.004706787546672524
752	3.7600000000000002	-4.076333419154878	-2.6098334959222744	0.05626285747793917
753	3.765	-4.213186893436224	-2.5137947253788164	0.039898914113330484
754	3.77	-4.23322071902199	-2.4921223395625245	0.037845247325117716
755	3.775	-4.320874326646833	-2.2669545336530788	-0.032132348031603634
756	3.7800000000000002	-4.363765660506955	-2.092942965946031	0.08976889077412986
757	3.785	-4.419330904713316	-2.0155044493465546	0.08207005634034235
758	3.79	-4.498812185905317	-1.8127334672018107	0.0913111496347582
759	3.795	-4.486641090476148	-1.6444161055158188	0.05569144372800723
760	3.8000000000000003	-4.550741671223321	-1.5598291651270688	0.06731229854363133
761	3.805	-4.583524974072297	-1.35731843766649	0.06345827410393401
762	3.81	-4.6085431421247485	-1.194068891932507	0.06737094783171939
763	3.815	-4.653128715171559	-0.9890461134573222	0.022733139962632112
764	3.8200000000000003	-4.650395133870222	-0.8846544915573094	0.04596262348406175
765	3.825	-4.68165823982393	-0.7005864608017333	0.0351992856947564
766	3.83	-4.7098186227976635	-0.5518337021189634	0.04528962544925086
767	3.835	-4.708182070319619	-0.42034160606525417	0.054711295138113326
768	3.84	-4.70955306766832	-0.3031472770781437	0.014265311241770197
769	3.845	-4.795641163839376	-0.12716085534756993	0.004062228559350643
770	3.85	-4.775720746387767	0.0034326435413653683	0.03778678288837293
771	3.855	-4.71036880697273	0.2725935202565762	0.0272119273416777
772	3.86	-4.71208969161254	0.36500152098332195	0.02924332890744665
773	3.865	-4.6374817190652395	0.49368800056670525	0.08688000401115856
774	3.87	-4.70423650272057	0.6959256207301567	0.018363690348092352
775	3.875	-4.581080526225614	0.8511290621172795	0.05656101136076956
776	3.88	-4.576300027456316	0.950014107956374	0.10323956904069229
777	3.8850000000000002	-4.548503649662737	1.075967039638295	0.02466783482893437
778	3.89	-4.525115359371105	1.2429199727106468	-0.007746024604147174
779	3.895	-4.44618099884886	1.3824888942862108	0.010905446074582329
780	3.9	-4.47805609969677	1.556791801747846	0.004336968478700437
781	3.9050000000000002	-4.362732874338611	1.6679195230968864	-0.0032418917203174413
782	3.91	-4.275784568762725	1.7661802070064425	0.002561785608058094
783	3.915	-4.26772541454173	1.9518428061237092	0.06420903992618752
784	3.92	-4.243441365707845	1.9778231281430902	0.04496361870307103
785	3.9250000000000003	-4.124357750251109	2.2193410256376525	0.03231842315229073
786	3.93	-4.079905705086012	2.290223398537448	0.008889432166173727
787	3.935	-3.9772773767721312	2.3918452475795338	0.026684173441601206
788	3.94	-3.887661494626505	2.536109623014727	0.08274080186911933
789	3.9450000000000003	-3.7933237564215645	2.6392643377378264	0.05857438711881995
790	3.95	-3.7010928599274013	2.7162736853211977	-0.0026647533099754817
791	3.955	-3.667395695506362	2.846245768366579	0.09136552548071923
792	3.96	-3.5754264431348823	2.960213397966496	0.047757328076414314
793	3.9650000000000003	-3.473417721003383	3.0375209897876263	0.04345591743273553
794	3.97	-3.4132333621481563	3.1022654234551204	0.03822803354861863
795	3.975	-3.2658088616769545	3.2043301111097673	0.051888006071896656
796	3.98	-3.1758693129021855	3.2236708739979707	0.017202262822246038
797	3.985	-3.1021560463875906	3.433409127626181	0.0695514247599736
798	3.99	-2.9315660815007436	3.484020065875685	0.030868801950088516
799	3.995	-2.7988237830535665	3.5450632573820218	0.03004209152310885
800	4.0	-2.716492319574205	3.5740434843832953	0.0337816765088658
801	4.005	-2.6648772595509134	3.693348497738783	0.07990714518153583
802	4.01	-2.5079663152993463	3.7616369796341713	0.06706832775732952
803	4.015	-2.4112038598687473	3.749588450627543	0.11803100404553324
804	4.0200000000000005	-2.2645031102999202	3.7939700386924287	0.061595637458231135
805	4.025	-2.19653061187162	3.8572610338778497	0.0617524194460232
806	4.03	-2.0752816510405334	3.97120906057815	-0.00016109366422259463
807	4.035	-1.91832755161961	3.9549361699903938	0.02607342028059819
808	4.04	-1.797538998928763	3.942644377971625	0.057628245274808684
809	4.045	-1.6789478722994768	3.9887575292471076	0.032749836160751604
810	4.05	-1.5894575834570852	4.031390970797822	0.018398357202496503
811	4.055	-1.4323384258370009	4.100994193775543	0.0016533586755022173
812	4.0600000000000005	-1.2856144899292448	4.100968419444824	0.03740216899101142
813	4.065	-1.1994162099307393	4.141676817229068	-0.02741790083373872
814	4.07	-0.964147630518531	4.168464001401454	0.038449396459964376
815	4.075	-0.916157033921205	4.1944956908215305	0.01506565253556046
816	4.08	-0.8617140190332134	4.144963383755898	0.062328505774622636
817	4.085	-0.7046406504345057	4.151321583655153	0.05238777574946077
818	4.09	-0.5169657225207454	4.205310507176024	0.10764110617792111
819	4.095	-0.4273506389230553	4.244134657419442	0.02403695918398032
820	4.1	-0.30828534418400455	4.162694179431779	0.018880669973490395
821	4.105	-0.21179776961608238	4.189785824069229	0.044543838331075135
822	4.11	0.007337027886368322	4.245556768756767	0.034949270053081544
823	4.115	0.10499220453177244	4.183082166209378	0.025394145437191852
824	4.12	0.24832881893387088	4.182403704008427	0.04423155060431541
825	4.125	0.27417404258214007	4.174748181565573	0.004719748305936775
826	4.13	0.5334664148421736	4.160525637816976	0.0031534719980521944
827	4.135	0.5946197774924039	4.058720382824445	0.07741367130809843
828	4.14	0.7201793189478681	4.076109681992336	0.0321798145889803
829	4.1450000000000005	0.8613932275805307	4.088737016335109	0.05259614402069478
830	4.15	0.9881110671063221	4.0385972147672335	0.021055158974860808
831	4.155	1.0433526284219468	3.9941095530045145	0.03648250550534166
832	4.16	1.224001454651626	3.964962750659602	0.04906518256297393
833	4.165	1.3388881451391124	3.9314201876306996	0.04769435444750693
834	4.17	1.3597257211601577	3.9265844076137597	0.016572227878541724
835	4.175	1.626598761514309	3.8359697369251893	0.018327998079368038
836	4.18	1.6585737804402068	3.76528212328728	0.038217682870980464
837	4.1850000000000005	1.746452017434596	3.771358847117382	0.03472745806916959
838	4.19	1.8884788713621288	3.6620480950018495	-0.004338152110778582
839	4.195	1.9760320234719775	3.6214833316415196	0.00440708957326098
840	4.2	2.08486806509173	3.6225835196760974	0.05094498483133558
841	4.205	2.180743055977854	3.5432639295754873	0.06363712625748637
842	4.21	2.292596664728972	3.4416060427020847	0.07117574335083739
843	4.215	2.4634784915481087	3.346947345976483	0.062351900478055444
844	4.22	2.4496150251777222	3.3090416576522474	0.008661896073904995
845	4.225	2.6310727664828164	3.2718706875849586	0.0414182044343628
846	4.23	2.688298386820695	3.20702025321718	0.005539698115734539
847	4.235	2.8290413630176423	3.0841645055960307	-0.004515367372432133
848	4.24	2.858069509401331	3.0264045677872824	0.014844819189185848
849	4.245	2.9354535544231695	2.9225749173188094	0.024723814939451333
850	4.25	3.0375584156826805	2.855723208570493	0.05251171214333986
851	4.255	3.1346431113561013	2.8113492251044994	0.01777816815079955
852	4.26	3.175488355120366	2.7136732071512983	0.08939354305308149
853	4.265	3.2791560140550793	2.5466037006411484	0.031024904953294713
854	4.2700000000000005	3.3486858504906687	2.50484178589426	-0.01093536813611587
855	4.275	3.4375672813312796	2.4669237351164734	-0.0005876258499132453
856	4.28	3.483030703462857	2.3071107928009025	0.0631141963899251
857	4.285	3.5741852313124785	2.172351907003271	0.0772455213113612
858	4.29	3.5272250894127866	2.139084797077731	0.010739118867700678
859	4.295	3.6676201010862544	2.00107743135989	0.029303447561730513
860	4.3	3.7494404279867384	1.877340805595762	0.03615383592759558
861	4.305	3.827925997160277	1.7883023657246877	0.01591477104702789
862	4.3100000000000005	3.8397415499522656	1.66220390481043	-0.006419349010351464
863	4.315	3.857796060098361	1.5724620692769375	0.07623661681747337
864	4.32	3.8719493707287347	1.5096125637370317	0.02410547514867846
865	4.325	3.926287147633541	1.3377149973063793	0.06979227315563334
866	4.33	3.9693657278137864	1.2853731903078256	0.007196333858560413
867	4.335	3.9713910608990273	1.0448891670392504	0.017789063396234945
868	4.34	4.021959231606347	0.9716495173211561	0.028480308448281283
869	4.345	4.01755095040842	0.8547086762867171	-0.0032561972129462914
870	4.3500000000000005	4.09520409646665	0.6587779417617	0.05989837623667482
871	4.355	4.032212555270286	0.5366328147765713	-0.030943410506546268
872	4.36	4.097744071199173	0.4687869805244872	0.024197165241921677
873	4.365	4.063636414287118	0.34161702341383704	0.02369804047173572
874	4.37	4.100437210551601	0.18013873453230259	0.010384240224714146
875	4.375	4.1630951205115405	0.1304987385321773	0.041268121026870705
876	4.38	4.0933238987663	-0.026700713700609068	0.008308835414783208
877	4.385	4.081074371445083	-0.18559098504399252	0.047167479623293575
878	4.39	4.002545096513726	-0.2836928983032313	0.07188770246370514
879	4.3950000000000005	4.117047268853433	-0.4099971160939082	0.05501332454359292
880	4.4	3.975928580264874	-0.5647079476534063	-0.004868514202903559
881	4.405	3.9925246520249322	-0.6446150006520303	-0.03454891904382757
882	4.41	4.004281184309315	-0.7856861028290025	0.018244929747219266
883	4.415	3.9348559998041264	-0.9566285203606351	0.04168505160510057
884	4.42	3.899280480022968	-1.0511842615130502	0.039376978579772966
885	4.425	3.9223499525648253	-1.144534968745075	0.04423009065977396
886	4.43	3.8313701089030023	-1.2478346831066391	0.00762649193830631
887	4.4350000000000005	3.780759532381007	-1.4636033699195907	0.000410027434997174
888	4.44	3.788239565049409	-1.538707788560026	-0.037174731002739526
889	4.445	3.737895730259469	-1.6272022686768828	-0.041679580787743656
890	4.45	3.626335085461613	-1.7697377212433092	0.02258765078015125
891	4.455	3.634156092671352	-1.820256885977046	-0.006553363642469893
892	4.46	3.5290466804633147	-1.9872216328618892	0.015199481100308148
893	4.465	3.3701458568583678	-2.096584191192445	0.016964972355557183
894	4.47	3.3674063861718864	-2.205979954246414	0.03805115195475183
895	4.4750000000000005	3.332218960578921	-2.295703197020331	-0.03505163695906359
896	4.48	3.257400471629769	-2.394739004371568	0.06941355157469695
897	4.485	3.17581408932279	-2.539421715295556	-0.04296399596525863
898	4.49	3.067145792282257	-2.5897510094723457	0.048253148455824964
899	4.495	2.95511593731448	-2.697051093234076	0.012115395406894276
900	4.5	2.911133474279641	-2.7708016749904485	0.08079733385216253
901	4.505	2.8492731590148326	-2.9238646219069797	-0.008111045454361768
902	4.51	2.707877326403678	-2.975267513209456	0.011524827238746899
903	4.515	2.5822075360315693	-3.079056570171137	0.03518696883000887
904	4.5200000000000005	2.496648052281617	-3.1435539221080306	-0.021417051487817005
905	4.525	2.449805277882782	-3.2028600350356835	0.07233698475511936
906	4.53	2.412230195066212	-3.224646763529759	0.0070598560867841526
907	4.535	2.275898916597532	-3.377156400560627	0.03206875724832634
908	4.54	2.1485981776882452	-3.4399360973133772	-0.013072513942548089
909	4.545	1.999344934522474	-3.4623428687323563	0.002879751726853272
910	4.55	1.964751110266352	-3.5316698510564626	0.014216764605811285
911	4.555	1.8317900435690897	-3.550335841073964	0.0008756094904989152
912	4.5600000000000005	1.7041528281765617	-3.5728771760481646	0.010371835869242804
913	4.565	1.6211064727155307	-3.640502672846943	-0.0026430238179896842
914	4.57	1.4829803997379534	-3.693695340955755	0.07211114440501995
915	4.575	1.3698116124284954	-3.7908679532675	0.03224826660331783
916	4.58	1.2048336688523384	-3.8146308393284136	0.038368350573264695
917	4.585	1.1636093650362485	-3.7520717399399466	0.04393126426956158
918	4.59	1.0170549077448814	-3.8783705694059956	0.04859539091912689
919	4.595	0.8972460172299773	-3.8519032110289717	0.031022642105995132
920	4.6000000000000005	0.7677298494941768	-3.9226683769095065	0.007677432069821945
921	4.605	0.643364434198011	-3.875833503684802	0.04584124291789814
922	4.61	0.5736143155930122	-3.8706038850570663	0.018918429274088346
923	4.615	0.40088831552849274	-3.940315775686186	0.05521396197406388
924	4.62	0.30149325917151965	-3.9207403734123676	0.031896958844437676
925	4.625	0.21541202677390014	-3.90824102568188	0.009326401562424737
926	4.63	0.10246930744132797	-3.882222224081938	0.003095502287393987
927	4.635	0.01009079618925278	-3.9314571766716018	0.10155597182173197
928	4.64	-0.17895353974968006	-3.874617925307777	0.029282313973804545
929	4.6450000000000005	-0.27974479254163853	-3.756308668090035	0.03150752482052147
930	4.65	-0.3108435012276258	-3.8015761531149557	0.04329740931501426
931	4.655	-0.4770853275350489	-3.799449802169573	-0.004204651354712714
932	4.66	-0.6499618703402404	-3.754203466075962	0.023888353690222176
933	4.665	-0.730601224776781	-3.7396171915655434	-0.023935883697160248
934	4.67	-0.8445772262303214	-3.716629031300658	0.0238414076403452
935	4.675	-0.8723738769094611	-3.640601845409389	0.035087350684697524
936	4.68	-1.0471955213490365	-3.6781502791464886	0.00680178520715859
937	4.6850000000000005	-1.2080281098981498	-3.60120582644494	-0.012906995124116142
938	4.69	-1.292379175243794	-3.5341313345219048	0.07373872088319006
939	4.695	-1.439765283545118	-3.437083525020098	0.007895368024961762
940	4.7	-1.461681906108235	-3.4888326381322523	0.029361118677783314
941	4.705	-1.5628817810595181	-3.3806899958257564	0.013819776125186107
942	4.71	-1.6977274315994708	-3.421459686739908	0.05736475594275199
943	4.715	-1.744046222837476	-3.2646043764914237	0.0042957539615949315
944	4.72	-1.8311030681240292	-3.233685266149911	-0.07552807678868104
945	4.7250000000000005	-1.9335010079801027	-3.1420238221237624	0.030471593692741394
946	4.73	-2.016588768697084	-3.0850026378993296	0.009299032243246819
947	4.735	-2.1011004858083555	-3.012530937331206	-0.007525127052198995
948	4.74	-2.231851609245759	-2.9295811533228218	-0.0008933609128843091
949	4.745	-2.3406938415878553	-2.880625632470563	0.04536591317380893
950	4.75	-2.391775959208006	-2.8239029311369808	0.0407969700019611
951	4.755	-2.4866074841266745	-2.72401849215285	0.06296839457440978
952	4.76	-2.5028213352720856	-2.6338556220527556	0.026769986933691977
953	4.765	-2.6432671089965725	-2.5400702557828607	-0.01456071786014326
954	4.7700000000000005	-2.6506363458422313	-2.4563670365186434	0.06557904593008043
955	4.775	-2.7859461488120227	-2.4277664263013596	0.06592154585692053
956	4.78	-2.8426605460127234	-2.2661931600785388	0.0584474983515149
957	4.785	-2.805105667643377	-2.203077087243597	0.03992215365485455
958	4.79	-2.931891768613382	-2.1236431282516106	0.036466269935786846
959	4.795	-3.005564343944166	-2.045804523962406	0.025576768605093603
960	4.8	-3.1130761053135507	-2.004170363083711	0.08873941036511204
961	4.805	-3.1270008599928105	-1.8548840733669978	0.06201274629276092
962	4.8100000000000005	-3.2223704588608832	-1.7284519551300888	-0.007670773551488621
963	4.815	-3.1839301349555575	-1.6402379626074621	-0.016620811761335848
964	4.82	-3.2557378627046596	-1.6189146658296834	-0.009516642298256404
965	4.825	-3.2937309766145106	-1.455825283725822	0.09408819741753881
966	4.83	-3.3593043157552835	-1.3502374330292168	-0.012977779998063654
967	4.835	-3.40973441197543	-1.2081387253278022	-0.006365041699036782
968	4.84	-3.38671630372587	-1.2385236531261523	-0.036521976385005546
969	4.845	-3.4787256030398024	-1.1030576907846041	0.049140549397620636
970	4.8500000000000005	-3.499788003293143	-0.9698909309542594	0.007084426700050512
971	4.855	-3.5324861840520954	-0.8576730833071851	0.05601483748469307
972	4.86	-3.5145260418792463	-0.7377368551259155	0.03428341010682233
973	4.865	-3.585224722745784	-0.68791821334066	-0.05882896269504244
974	4.87	-3.511900776053656	-0.5817064243215455	-0.017710689745827082
975	4.875	-3.5959511316547528	-0.4661042999011493	0.010018046621204608
976	4.88	-3.585969304818979	-0.2932835841317051	-0.03779609168187462
977	4.885	-3.5816632729923494	-0.2615439438047415	-0.007171965906807624
978	4.89	-3.578466373540496	-0.12344730584217273	-0.00634904962437814
979	4.8950000000000005	-3.578968440437379	-0.09316646210642548	0.03826982390669873
980	4.9	-3.5867506748366673	0.012138215623330804	0.04511247572560284
981	4.905	-3.5853390881188267	0.050323493890724505	-0.021097123596916373
982	4.91	-3.5492168540188485	0.269312535615777	-0.017873601354843886
983	4.915	-3.5347572454435787	0.31082238087101505	0.006852573414801954
984	4.92	-3.543371220260432	0.3994317555751784	0.03779724033058014
985	4.925	-3.4976564786705597	0.5346079949995469	-0.009011214823300447
986	4.93	-3.4431182527335937	0.5973767966228299	0.04056236262203756
987	4.9350000000000005	-3.4664835395685842	0.7303667082697043	0.021499733050726916
988	4.94	-3.4399261360778626	0.8242297462291479	0.005231308720060619
989	4.945	-3.4156005098904867	0.959869652725574	0.03843877285572902
990	4.95	-3.3665953783576037	1.0403841308178416	-0.035882364908034356
991	4.955	-3.378941205746601	1.1200702649769048	0.023508608593765776
992	4.96	-3.304517758975873	1.2525530045994167	0.041191211969949494
993	4.965	-3.121288674197638	1.3384268186431025	-0.005907063051780157
994	4.97	-3.193185740613834	1.45013885865661	0.015326270976924924
995	4.9750000000000005	-3.175903629768246	1.495725024801104	0.00042929505872350143
996	4.98	-3.112332458822177	1.57839457338723	-0.02004640192605672
997	4.985	-3.099252885189107	1.7088577301364087	0.054138122959607134
998	4.99	-3.0247211701751855	1.7775277741582578	0.04799067159157463
999	4.995	-2.936412716193626	1.863514035597292	0.044822351825818375
1000	5.0	-2.8972532352358753	2.0082233413963073	0.028947899734055905
1001	5.005	-2.830415639299971	2.1283666786571294	0.02137046340394512
1002	5.01	-2.733416483733842	2.1089436591674993	0.065315826958265
1003	5.015	-2.668485825823422	2.223292151638848	0.024218919298509493
1004	5.0200000000000005	-2.6571639042251776	2.322589943990964	0.06357538250211373
1005	5.025	-2.51698533699833	2.3669884380874926	0.005639150769842014
1006	5.03	-2.4836311315278103	2.4554840661876165	0.0020884525938062466
1007	5.035	-2.3836698916557038	2.4478820634576097	0.028240977438400552
1008	5.04	-2.2960891337075098	2.6264798892806307	0.046534778580172124
1009	5.045	-2.1968200106748097	2.6626326571661965	-0.06764502585559526
1010	5.05	-2.1461248623249203	2.7777877168131133	0.04084617144681095
1011	5.055	-2.0538816280534387	2.756297336566696	-0.002042750042217654
1012	5.0600000000000005	-1.9568529768437573	2.8498768133343715	0.03004001927583252
1013	5.065	-1.8898176362713717	2.884218908765242	0.03301183466878414
1014	5.07	-1.7401232098725754	2.8496218918026157	0.020089056727713394
1015	5.075	-1.7290256052185	3.0174011508303797	-0.004503211782722656
1016	5.08	-1.594661780207828	3.069981954211286	0.03205047376955233
1017	5.085	-1.49000406280366	3.0863160529232045	0.007779482489345939
1018	5.09	-1.4224429223195048	3.206058074109975	0.01659984380203973
1019	5.095	-1.2555566259454918	3.2159985578689874	0.006573448722211065
1020	5.1000000000000005	-1.1737971172897919	3.2957354920878124	0.03293197382062934
1021	5.105	-1.080576486530507	3.3155428780476686	0.03434136706948582
1022	5.11	-0.9981381432374782	3.274846990896579	0.014657598432312957
1023	5.115	-0.862671005161614	3.3608902160999174	-0.012712848459074942
1024	5.12	-0.8056106494120873	3.3591897558282793	0.00461928306405496
1025	5.125	-0.7110533141296601	3.3771349891142726	0.03192242942588585
1026	5.13	-0.6209411922564118	3.3523832480351237	-0.01360799269660613
1027	5.135	-0.5565236935176965	3.409737835509424	0.038542759327453865
1028	5.14	-0.4146724998777612	3.4041404659378984	0.031725405782905725
1029	5.1450000000000005	-0.27534999695001455	3.463667610332315	0.0062647823335288365
1030	5.15	-0.19986772501722933	3.417604837330836	-0.02710044437507118
1031	5.155	-0.09569111841339341	3.45617827959423	0.030470909285163987
1032	5.16	0.0637030555946771	3.4512138755161175	0.016720301093559528
1033	5.165	0.11945196661441078	3.486335178008289	-0.012271751085782412
1034	5.17	0.24887255347258255	3.4298030263522152	0.0003896896219357498
1035	5.175	0.3028888738641921	3.391311321818755	0.06868809970802656
1036	5.18	0.46505611179268996	3.381522597033669	0.02042699496733882
1037	5.1850000000000005	0.5341366093570005	3.3925862174859334	0.011784367076517366
1038	5.19	0.6582806609474856	3.34292929086915	-0.013110619009855174
1039	5.195	0.7768496892782466	3.307118257939944	-0.002373237664743502
1040	5.2	0.8121261613229455	3.30871312154534	0.03353985323504183
1041	5.205	0.9375048293377032	3.284513009507144	0.07689562640980395
1042	5.21	1.00701225284051	3.2196647624058974	0.029663216415172985
1043	5.215	1.138423026275501	3.1880629019594346	-0.0063217595991446555
1044	5.22	1.244491217668124	3.179272569681687	0.04452543083381297
1045	5.2250000000000005	1.278235844515127	3.074790281007793	0.05889284495735082
1046	5.23	1.430876756932561	3.0770434146506593	0.006433772852777699
1047	5.235	1.4580584272469443	3.0382479832635787	0.058382480707879075
1048	5.24	1.6081349282441233	2.943293484386701	-0.011030861090638769
1049	5.245	1.6604180453930366	2.937813433116402	-0.02189465005774231
1050	5.25	1.7865494234016244	2.8753649979518916	-0.0053379237428212226
1051	5.255	1.829410859874242	2.7939046680573716	-0.000878471220189702
1052	5.26	1.8827831905832644	2.681059299464557	0.04856636305576237
1053	5.265	1.9918550110026418	2.6504924978391142	0.04611102903001485
1054	5.2700000000000005	2.080742080268864	2.613127393202247	0.021206662865931973
1055	5.275	2.1683545673322566	2.5011083948452066	0.007010533642753035
1056	5.28	2.2498957070182874	2.493359516032253	0.027272505052377046
1057	5.285	2.2604118858871143	2.3879456761341107	0.011889830840503084
1058	5.29	2.368993761991164	2.2922924199396295	-0.03689318977404327
1059	5.295	2.4270064233467465	2.277446786396884	0.006321066364980271
1060	5.3	2.470907975222122	2.103197925564131	0.0413905953049441
1061	5.305	2.547408841231602	2.0580263067009077	0.017105140678500254
1062	5.3100000000000005	2.637486289979139	2.0004345985830025	-0.002576656881364811
1063	5.315	2.665816753627428	1.9563158359724109	-0.0117910568067101
1064	5.32	2.770466738228062	1.753799223400209	-0.05900857744884214
1065	5.325	2.7751180765835315	1.7379934823278085	0.007621726722084828
1066	5.33	2.7675332132291675	1.6210395479239104	0.01552309922308484
1067	5.335	2.8396355025304705	1.5777842108633537	0.09519394910034931
1068	5.34	2.9157925715070556	1.461733789219176	-0.03168578773340595
1069	5.345	2.9439029113606154	1.3835885939326862	0.014748230891085408
1070	5.3500000000000005	2.941923221682122	1.2722194313603774	0.045554659571823516
1071	5.355	3.0050963403788558	1.166616519206733	0.08838649017461074
1072	5.36	3.0880325845434258	1.0825724016466842	-0.02923173823686434
1073	5.365	3.0240416963619565	1.0295633346725828	-0.032447527077452853
1074	5.37	3.108867783335637	0.9113904374222753	0.013401536469432075
1075	5.375	3.1303142256277074	0.7841272490336794	-0.014685169345931602
1076	5.38	3.069620763813078	0.6670226601455201	0.0009532655710145447
1077	5.385	3.1328648525354374	0.6108999602241647	0.006928679259757433
1078	5.39	3.1153557476033353	0.49941332106088254	-0.02147783623914981
1079	5.3950000000000005	3.147450947157207	0.4405827965429738	0.015934085391433993
1080	5.4	3.1422886388400237	0.31819295255137914	-0.014301827398867166
1081	5.405	3.1210767212710753	0.21160548743651963	0.0026181306378486
1082	5.41	3.1923851043575406	0.09720655604124845	0.013727053046259662
1083	5.415	3.228073459383129	-0.004433367254121898	0.013785416454090208
1084	5.42	3.1788278351585895	-0.030230494990087863	0.03160892412857308
1085	5.425	3.123278481702448	-0.12446530847915646	0.041947351011503604
1086	5.43	3.1583364379649685	-0.239002816023575	0.001516111382586026
1087	5.4350000000000005	3.1321914064988166	-0.3158401188219811	-0.031233195711789515
1088	5.44	3.119885124569399	-0.4138035441837006	0.017560044923208208
1089	5.445	3.103791934931125	-0.48977445385749063	0.01912393047697123
1090	5.45	3.0875630599711217	-0.5844656470678721	0.016760144292791837
1091	5.455	3.0438723413361886	-0.6700622779949675	0.03759448612339981
1092	5.46	3.0490578527357415	-0.7840231249977484	0.02266281987239517
1093	5.465	3.004834137068048	-0.8676788392669064	0.02111519730117492
1094	5.47	2.9948976465422974	-0.9570786818181845	0.021360678349371116
1095	5.4750000000000005	2.92963304052556	-1.0088813225148996	0.004408752061079741
1096	5.48	2.8846322383477156	-1.0911106688924637	0.01159334256308851
1097	5.485	2.882281375308463	-1.231141067253466	-0.009410315702896068
1098	5.49	2.8133873712145627	-1.3382202640821599	0.034652643496577366
1099	5.495	2.75702631350805	-1.3499536427852694	-0.06896636368905545
1100	5.5	2.7293553495116822	-1.433798070048327	-0.023948133004966413
1101	5.505	2.7379051997685013	-1.524436868198839	0.07526998578531138
1102	5.51	2.679124622283372	-1.604522377079498	-0.011042281633668313
1103	5.515	2.5509739594564795	-1.652645522437592	-0.0031325836749137425
1104	5.5200000000000005	2.5446530411910855	-1.7682405861773587	-0.01573146458758047
1105	5.525	2.4554095461685863	-1.8328678018567857	-0.02779867100504024
1106	5.53	2.44425616471166	-1.8416715759421618	0.017700547507811575
1107	5.535	2.3702411952657423	-1.9535406376837243	-0.024873057216476355
1108	5.54	2.3106647527174724	-1.987706222753318	0.007514291647749002
1109	5.545	2.232748906116105	-2.062984203781671	-0.03452887446426694
1110	5.55	2.1724780526956597	-2.1614491957495936	-0.0388603349904841
1111	5.555	2.0905764911813907	-2.2410032465837544	0.02380863891900311
1112	5.5600000000000005	2.1061018104893106	-2.30711407680311	0.04518504816967642
1113	5.565	1.9826865471902118	-2.3277674055531485	0.008403747420516668
1114	5.57	1.9220673565415183	-2.3728919404400677	0.005419536429329319
1115	5.575	1.840812800617203	-2.445239139072693	0.015726727859983282
1116	5.58	1.7421275352003973	-2.4834841331870847	0.008701765770214864
1117	5.585	1.6694100042310356	-2.5148639728253834	0.037251955016371734
1118	5.59	1.5583324309694846	-2.5899032356160863	-0.07349256718390902
1119	5.595	1.5171404332148664	-2.594339528553452	0.005738764236568405
1120	5.6000000000000005	1.482120820326871	-2.597911776715791	-0.027347376010647365
1121	5.605	1.3468345388115184	-2.6595959149746937	0.0695328180976621
1122	5.61	1.2975462517352307	-2.7102509817720577	0.03421430239437877
1123	5.615	1.207075934316511	-2.7600539523645664	0.05466215280993518
1124	5.62	1.0401907042226795	-2.8190619246413195	0.02456802791284155
1125	5.625	1.0159645127191008	-2.8289273598681044	-0.07168901324277299
1126	5.63	0.9276065607533466	-2.819271110531685	-0.0037253597209128703
1127	5.635	0.8486764289434665	-2.9123337782338927	-0.013478331706703903
1128	5.64	0.7030426179244968	-2.927954996722081	0.04152197321318991
1129	5.6450000000000005	0.583836402423946	-2.8453821360815295	0.010106930735453577
1130	5.65	0.5966054744313719	-2.9019910545283585	0.06402131829848319
1131	5.655	0.4217205954730691	-2.887371537746883	0.008641834408065034
1132	5.66	0.3978014973676856	-2.9560268497599145	0.06492781538568754
1133	5.665	0.29336528342256074	-2.9887806440013764	-0.037934535612174705
1134	5.67	0.18408333382666403	-2.9144528619250885	0.012451284878446116
1135	5.675	0.11409508548287359	-2.9560672065019826	-0.026682734563429462
1136	5.68	0.04298133798383188	-2.976278836348612	0.0005629448127462957
1137	5.6850000000000005	-0.0943641520195552	-2.9836494685208557	-0.003261406399866363
1138	5.69	-0.21047718039306657	-2.9866869226634813	0.04654667438723979
1139	5.695	-0.2658738440567609	-3.0023359660276028	0.05918455755225024
1140	5.7	-0.33032698791561643	-2.926383399033454	-0.0046607664093496455
1141	5.705	-0.4470256276284233	-2.923646205903278	-0.029114443568612213
1142	5.71	-0.5096013471089952	-2.8700483421379936	-0.0005156333924197986
1143	5.715	-0.5035855925759409	-2.936363913175415	0.052219715878353765
1144	5.72	-0.6851814734956447	-2.8599585179449956	-0.05412504091436329
1145	5.7250000000000005	-0.7196870291218567	-2.8329935797154833	-0.03424282882937786
1146	5.73	-0.8602708744362313	-2.8072343284706163	0.005360913362821858
1147	5.735	-0.9027322567548856	-2.812878864248539	0.06948867794943987
1148	5.74	-1.0038180417805989	-2.7653042391386724	0.034468867366053486
1149	5.745	-1.0435214896678473	-2.7426156665795207	-0.04233329555927676
1150	5.75	-1.1598398553550744	-2.6835776999134913	0.05368280463182789
1151	5.755	-1.2644539715360303	-2.634580357876817	0.024684348031411136
1152	5.76	-1.293959512398062	-2.6740581315458294	0.010848180788580812
1153	5.765	-1.3776655667410886	-2.5877887488751825	0.02565334637504742
1154	5.7700000000000005	-1.4954289915858299	-2.532521812483677	-0.07337914195631498
1155	5.775	-1.565303743529868	-2.525383534086064	-0.05500904088299556
1156	5.78	-1.6536600845812501	-2.4666382871707033	-0.038758358028629106
1157	5.785	-1.6794665727202478	-2.409933099199631	0.04223531062270303
1158	5.79	-1.7499442631338888	-2.336054651305661	0.01662897119540511
1159	5.795	-1.8059693060692747	-2.289691232029389	0.01479803767723074
1160	5.8	-1.9359473392426978	-2.277194361016254	0.06534904556554615
1161	5.805	-1.9539641386080524	-2.1713869206612766	0.04478708723620566
1162	5.8100000000000005	-1.9900428201126779	-2.091881404251736	-0.04047592453556126
1163	5.815	-2.130919621072971	-2.0500212830900053	0.007602049744861894
1164	5.82	-2.116259671206066	-1.964038540005686	-0.04466323877148453
1165	5.825	-2.1532004920251757	-1.9132768748012086	0.0188316730660684
1166	5.83	-2.22785631398667	-1.8794695973236253	-0.007550714857814966
1167	5.835	-2.301937006646064	-1.7640350118114523	-0.012252664714922742
1168	5.84	-2.395724113556014	-1.7218025222962559	-0.007670809213170039
1169	5.845	-2.380351741024559	-1.6768792401200099	0.016666840609075112
1170	5.8500000000000005	-2.3530759986063674	-1.5460999821724546	0.009320034240468348
1171	5.855	-2.46615557958802	-1.4494632587688234	0.034072558729138766
1172	5.86	-2.4942233151204363	-1.3738658146939424	-0.01510566752861527
1173	5.865	-2.5765733990697024	-1.3106761817176635	0.039624253847423324
1174	5.87	-2.60476263636375	-1.1968239472137492	0.0698229349494889
1175	5.875	-2.667987676874645	-1.1580203811521177	0.02673598916503111
1176	5.88	-2.610940730157399	-1.055604368681248	-0.00322888315729791
1177	5.885	-2.6434138962921923	-0.989860103275571	-0.016347198727479594
1178	5.89	-2.7538323218562386	-0.8774693007662299	0.017729999177861187
1179	5.8950000000000005	-2.6895837782955065	-0.8113545264623285	0.05355245720748193
1180	5.9	-2.7924080639802047	-0.6741076990035327	-0.012745475069705407
1181	5.905	-2.7667004141841938	-0.6487340321812929	0.02972025302622365
1182	5.91	-2.8303355158175503	-0.5241842167191753	-0.06329286412543225
1183	5.915	-2.8350402957266816	-0.4137444000429518	0.0041389451433265405
1184	5.92	-2.8547806693535804	-0.3326614273894361	0.030187198361710358
1185	5.925	-2.801192915263554	-0.22802490829900132	-0.0028000973674896772
1186	5.93	-2.839762121602728	-0.19398220541607983	-0.01790633933291074
1187	5.9350000000000005	-2.918818280582297	-0.036506794269540246	0.04388249531822369
1188	5.94	-2.7975378566741402	-0.014774461471569345	-0.019793869892843083
1189	5.945	-2.824122292721718	0.07681767716958207	0.0010269313587573494
1190	5.95	-2.7387571660711023	0.14137550470019083	0.03680009868738757
1191	5.955	-2.8497413654513557	0.2012342787352865	-0.010561779586831077
1192	5.96	-2.783742441890413	0.31528434995263244	-0.03166348937153913
1193	5.965	-2.798732707434872	0.3356577922846903	-0.009621032030913386
1194	5.97	-2.728441069020741	0.4499736545636335	-0.003631910231480213
1195	5.9750000000000005	-2.6963337144509056	0.5706855886014367	-0.007932134869500692
1196	5.98	-2.7250534450839177	0.6213814168539149	0.06423566233830645
1197	5.985	-2.706069872060531	0.7388682261176996	0.023641520361630752
1198	5.99	-2.687761920440784	0.785809524094515	-0.0043533317516819435
1199	5.995	-2.587936769651751	0.9130875757618924	-0.015974588244690953
1200	6.0	-2.6024180379219266	0.9766034210132981	-0.036667249158217424
1201	6.005	-2.5914462016031514	1.0413868400946635	0.0011545944994774734
1202	6.01	-2.49319518523745	1.1266570257957516	0.021505547210156364
1203	6.015000000000001	-2.5197694851702424	1.1600464416955145	-0.0017707403458970521
1204	6.0200000000000005	-2.4796157939902916	1.307485212922173	0.05331497237476066
1205	6.025	-2.4076038222332468	1.3479644720958404	-0.0016581032265766248
1206	6.03	-2.3686376368110706	1.3498148434905741	0.09061153150154123
1207	6.035	-2.318964221377929	1.4312186704274275	0.02143847077336227
1208	6.04	-2.3366455196389753	1.5000120745938665	-0.04534843487040439
1209	6.045	-2.2436276058884546	1.6162052180179054	0.0799117376487814
1210	6.05	-2.2091194525863678	1.6369281626840921	-0.022623127678814126
1211	6.055	-2.241203871140833	1.6792658228495498	-0.06128174699460807
1212	6.0600000000000005	-2.0530698891106542	1.772704664070885	0.028396626806873142
1213	6.065	-1.9990541746450867	1.8287559630239765	0.022269709587419376
1214	6.07	-1.9697979094424125	1.8864754151953897	0.008040169801817114
1215	6.075	-1.911826965285161	2.0162272329428252	0.07056313325888793
1216	6.08	-1.8143953139867208	1.9935510487495327	-0.028818127113100583
1217	6.085	-1.7651012355867697	2.058744005813819	0.007609850688135928
1218	6.09	-1.6997023910413265	2.0840029943613785	0.02258558784222005
1219	6.095	-1.683079683152488	2.130552235038444	0.01883034550152778
1220	6.1000000000000005	-1.5810955590911515	2.2354897597102448	0.0035869181552967318
1221	6.105	-1.5007124083054404	2.2875056140550853	0.0036478375623713276
1222	6.11	-1.4907711656929037	2.2684279372085694	0.059378287175987796
1223	6.115	-1.3941659467883205	2.2844314355100988	0.00043433348506353303
1224	6.12	-1.3023066964109633	2.35479509703036	-0.013113302537276437
1225	6.125	-1.1353459404727433	2.381067443959939	-0.005660277767191895
1226	6.13	-1.135447140858114	2.400672414453106	0.0058318530841058
1227	6.135	-1.085356130796215	2.4223886717421865	0.01121169183182082
1228	6.140000000000001	-0.994856754494517	2.4599239115242364	0.014062665059831938
1229	6.1450000000000005	-0.9272315126113492	2.4748334242021017	-0.02226345966919273
1230	6.15	-0.8194982079808998	2.4649317881116635	-0.004593778985813975
1231	6.155	-0.7705153617792616	2.5189555995053126	0.05447627685400888
1232	6.16	-0.6205803183482492	2.551123142621532	0.05835267194528421
1233	6.165	-0.6585309707563127	2.5824683619858586	0.02646278435020128
1234	6.17	-0.49589438882056813	2.5796416993506686	0.012157680761194951
1235	6.175	-0.43156250779564953	2.6323748280127144	0.004434694907218137
1236	6.18	-0.36756103947884566	2.5500171979286157	0.0005124570509824279
1237	6.1850000000000005	-0.26353432705469093	2.6135285539516855	-0.03129619447142585
1238	6.19	-0.18486570830389454	2.6430198063014188	0.03587612682696658
1239	6.195	-0.13452372701802762	2.6456120244949077	0.06966301158887542
1240	6.2	-0.08201158008463787	2.6165535368205544	0.03290121973800532
1241	6.205	0.05805946068294824	2.6201352171537806	0.035222089588784575
1242	6.21	0.06311666276418654	2.56473496256927	0.01880449974055376
1243	6.215	0.23875015878450842	2.6266383167052587	-0.009781758304584467
1244	6.22	0.21996186802012518	2.702910743593432	-0.05273591890906383
1245	6.2250000000000005	0.36936459558808404	2.6159040931599424	0.005331492870657945
1246	6.23	0.3884420208378536	2.5910246759536264	-0.02222835860340888
1247	6.235	0.47426620885829424	2.608703610141099	0.01712650739915515
1248	6.24	0.5514843180493019	2.5035347047140477	0.05456217032072837
1249	6.245	0.6132911890383075	2.552530420471731	0.009925721145888383
1250	6.25	0.7477327152167994	2.487670790190358	-0.01681659990981269
1251	6.255	0.8261957055987805	2.476833084883013	0.0271736162002582
1252	6.26	0.8594686833947136	2.4014165513034413	-0.005916323211257799
1253	6.265000000000001	0.8746525429813617	2.3399434733650195	0.004026994366217051
1254	6.2700000000000005	1.0256166241481992	2.3575918369119364	0.06793626150113799
1255	6.275	1.0801749344684988	2.406907395209974	0.04566112784325185
1256	6.28	1.1765517687376903	2.2785387569967095	-0.02001019166729649
